student_id,module_code,module_attendance_pct,module_grade,assessments_total,assessments_completed,assessments_missed,module_engagement_score
STU0001,BA301,76.69,78.1,3,3,0,81.2
STU0001,CS201,91.96,72.0,2,2,0,87.9
STU0001,CS101,91.39,80.9,3,2,1,84.8
STU0001,GEN001,81.27,76.3,2,2,0,82.6
STU0002,PS301,77.85,71.9,3,3,0,76.9
STU0002,DS301,82.07,86.4,3,3,0,80.6
STU0002,PS201,89.31,92.4,3,3,0,86.9
STU0002,BA101,75.36,86.1,3,3,0,74.0
STU0003,PS301,90.22,87.4,3,3,0,84.1
STU0003,EN201,69.0,83.7,3,2,1,76.0
STU0003,GEN002,89.67,83.1,3,3,0,92.4
STU0004,BA101,45.87,47.2,3,2,1,46.1
STU0004,BA201,67.23,41.5,3,3,0,62.6
STU0004,BA301,57.0,35.1,3,3,0,45.6
STU0004,CS101,51.29,44.0,3,1,2,48.1
STU0005,DS301,54.42,49.0,2,1,1,60.3
STU0005,GEN002,65.29,25.0,3,3,0,59.5
STU0005,GEN001,70.7,49.8,3,3,0,63.4
STU0006,EN201,72.22,20.4,3,3,0,50.2
STU0006,EN101,75.33,45.7,2,2,0,57.3
STU0006,GEN002,79.39,19.7,3,2,1,52.4
STU0007,BA301,77.57,83.9,2,2,0,90.1
STU0007,GEN002,68.62,80.6,3,3,0,75.3
STU0007,CS101,67.19,77.3,3,3,0,76.6
STU0007,DS101,85.18,67.7,3,2,1,82.4
STU0008,DS101,81.89,65.6,3,3,0,70.7
STU0008,CS301,82.09,67.1,3,3,0,80.3
STU0008,DS301,80.62,76.3,2,2,0,72.4
STU0008,EN301,99.37,72.1,3,3,0,78.6
STU0009,BA101,79.86,45.7,3,3,0,68.3
STU0009,BA301,61.61,65.0,2,2,0,70.0
STU0009,EN101,84.26,56.1,2,2,0,70.9
STU0010,CS301,63.11,42.3,3,3,0,57.3
STU0010,DS201,65.3,41.4,2,1,1,57.8
STU0010,BA301,37.86,34.0,2,1,1,29.5
STU0011,BA201,78.4,89.3,2,2,0,90.7
STU0011,BA301,69.79,72.9,3,2,1,80.0
STU0011,CS201,86.93,86.0,2,2,0,86.9
STU0012,BA101,94.41,85.5,2,2,0,85.0
STU0012,CS201,82.04,78.7,3,2,1,84.9
STU0012,EN201,86.34,86.2,2,2,0,87.5
STU0012,EN101,95.58,87.1,2,2,0,92.7
STU0013,CS101,36.76,19.9,3,3,0,26.0
STU0013,DS101,30.93,14.6,2,2,0,26.2
STU0013,CS201,36.65,16.3,3,3,0,33.4
STU0013,DS201,51.23,8.6,3,2,1,26.9
STU0014,PS201,56.64,39.1,3,2,1,53.9
STU0014,PS101,63.16,38.0,2,2,0,56.6
STU0014,DS101,51.6,46.9,3,2,1,54.8
STU0015,EN201,57.65,28.8,3,2,1,48.8
STU0015,GEN001,54.06,31.9,3,2,1,46.3
STU0015,EN101,50.96,18.8,2,1,1,38.7
STU0016,EN301,93.01,77.6,2,2,0,84.6
STU0016,GEN001,91.72,70.4,2,2,0,90.7
STU0016,PS301,99.63,74.5,3,2,1,87.6
STU0016,BA101,95.91,98.5,3,3,0,95.5
STU0017,PS101,63.58,40.6,2,1,1,56.8
STU0017,CS101,57.6,39.2,2,2,0,51.6
STU0017,EN101,61.97,44.1,2,2,0,63.9
STU0018,CS101,61.09,67.9,3,3,0,69.9
STU0018,EN201,64.53,57.0,2,2,0,57.9
STU0018,GEN001,63.42,39.4,2,2,0,61.4
STU0018,BA101,70.1,71.4,3,3,0,76.9
STU0019,PS201,72.65,64.5,3,3,0,63.5
STU0019,EN301,89.92,57.2,2,2,0,76.4
STU0019,GEN002,87.56,45.2,2,2,0,76.0
STU0020,CS301,81.1,56.2,2,2,0,67.8
STU0020,PS101,87.83,68.7,3,3,0,80.0
STU0020,GEN001,73.57,52.8,2,2,0,63.6
STU0020,EN201,81.92,68.4,2,2,0,89.9
STU0021,EN301,77.57,67.2,2,2,0,69.7
STU0021,EN101,67.68,65.1,3,3,0,65.6
STU0021,GEN002,60.15,69.3,2,2,0,67.0
STU0021,PS101,60.47,74.8,3,3,0,66.2
STU0022,PS201,59.22,43.5,2,2,0,52.8
STU0022,EN301,68.16,27.6,2,1,1,54.8
STU0022,PS101,56.49,27.7,3,3,0,41.9
STU0022,PS301,69.59,44.4,3,2,1,61.5
STU0023,DS201,66.88,63.5,3,3,0,74.0
STU0023,DS101,76.34,67.3,3,3,0,74.9
STU0023,GEN002,87.24,88.6,3,3,0,86.3
STU0023,EN301,73.67,86.5,3,3,0,84.1
STU0024,BA301,83.35,81.0,3,2,1,78.5
STU0024,BA101,80.37,71.9,3,3,0,83.8
STU0024,GEN002,94.57,64.3,3,3,0,81.6
STU0025,EN101,89.53,71.8,2,2,0,76.5
STU0025,BA101,85.78,94.4,3,3,0,88.5
STU0025,PS201,73.14,85.1,3,3,0,82.9
STU0025,PS301,89.82,93.3,2,2,0,86.1
STU0026,PS301,94.09,89.4,2,2,0,92.1
STU0026,GEN002,73.63,78.1,3,3,0,85.2
STU0026,DS301,89.7,68.6,3,3,0,76.6
STU0027,EN201,69.33,69.1,2,2,0,72.3
STU0027,DS201,84.95,63.7,2,2,0,75.5
STU0027,DS301,77.66,83.4,2,2,0,82.9
STU0027,PS301,88.74,86.9,3,3,0,79.5
STU0028,DS301,52.82,26.3,3,3,0,30.7
STU0028,BA301,65.5,47.1,2,2,0,59.5
STU0028,DS201,39.68,48.0,2,1,1,40.1
STU0028,EN101,59.8,28.6,2,2,0,47.1
STU0029,BA301,76.28,49.3,3,3,0,59.5
STU0029,GEN002,78.9,34.8,3,3,0,53.7
STU0029,PS301,73.71,25.9,2,2,0,52.2
STU0029,GEN001,67.24,46.8,2,2,0,55.5
STU0030,DS201,94.64,78.9,3,3,0,92.7
STU0030,BA101,94.58,100.0,3,3,0,97.5
STU0030,GEN002,82.85,67.6,3,3,0,69.4
STU0030,EN201,82.13,92.4,3,2,1,87.1
STU0031,DS201,85.27,84.9,3,3,0,90.3
STU0031,PS101,88.45,95.5,2,2,0,87.3
STU0031,PS301,85.38,100.0,3,3,0,90.5
STU0032,CS301,89.15,74.0,2,2,0,84.9
STU0032,BA301,98.43,77.7,3,3,0,89.3
STU0032,GEN002,79.98,71.9,2,2,0,79.3
STU0032,BA201,96.88,86.7,3,3,0,90.7
STU0033,PS101,46.8,34.5,2,1,1,43.5
STU0033,GEN002,51.88,55.8,3,3,0,56.6
STU0033,PS201,66.42,63.3,3,3,0,64.3
STU0033,EN101,65.31,61.8,2,2,0,70.3
STU0034,PS101,96.66,78.9,2,2,0,86.3
STU0034,CS301,87.34,100.0,2,2,0,91.0
STU0034,BA201,100.0,71.3,2,2,0,87.5
STU0035,BA201,80.56,48.6,3,3,0,73.6
STU0035,GEN001,61.96,52.7,3,3,0,58.6
STU0035,DS301,66.34,63.6,3,3,0,69.4
STU0036,EN201,79.88,61.8,2,2,0,76.2
STU0036,EN101,65.91,44.6,3,2,1,59.5
STU0036,EN301,71.99,57.2,2,2,0,57.1
STU0037,BA301,68.9,61.6,3,2,1,64.4
STU0037,CS301,79.03,67.5,2,2,0,72.5
STU0037,GEN002,78.67,31.4,2,2,0,55.6
STU0038,CS101,66.37,54.0,3,3,0,58.1
STU0038,GEN002,77.17,63.2,2,2,0,77.0
STU0038,CS301,62.62,51.7,3,3,0,53.6
STU0038,GEN001,67.58,46.8,2,2,0,56.1
STU0039,PS101,68.35,64.8,3,3,0,66.1
STU0039,PS201,75.47,71.0,3,3,0,69.8
STU0039,GEN001,84.01,71.3,3,3,0,77.3
STU0040,CS101,82.3,76.6,2,1,1,84.3
STU0040,CS201,78.06,61.3,3,3,0,73.6
STU0040,EN301,87.95,57.7,3,3,0,75.3
STU0041,BA201,61.35,55.6,3,3,0,53.0
STU0041,EN101,80.43,41.0,3,2,1,67.4
STU0041,PS101,78.92,40.0,3,3,0,56.6
STU0042,CS301,65.93,75.4,2,2,0,71.9
STU0042,EN301,70.92,55.4,2,1,1,68.6
STU0042,GEN001,59.9,68.7,3,2,1,62.5
STU0042,GEN002,71.46,59.6,2,2,0,76.8
STU0043,PS201,76.82,98.2,2,1,1,91.5
STU0043,EN101,89.4,100.0,3,3,0,97.8
STU0043,DS301,92.61,100.0,3,3,0,93.5
STU0043,GEN001,85.57,96.8,3,3,0,86.1
STU0044,DS101,84.92,53.5,3,2,1,72.0
STU0044,GEN001,100.0,69.3,3,3,0,87.5
STU0044,DS201,84.8,77.4,3,3,0,86.4
STU0045,CS301,72.26,73.0,2,1,1,67.3
STU0045,BA101,83.88,73.1,3,3,0,79.9
STU0045,CS101,82.67,85.5,3,3,0,83.8
STU0046,EN101,72.8,69.3,2,2,0,76.4
STU0046,BA201,81.91,64.2,2,2,0,75.1
STU0046,CS301,68.3,63.5,3,3,0,66.1
STU0046,DS301,69.36,63.9,2,2,0,71.5
STU0047,DS101,91.16,64.1,3,3,0,79.0
STU0047,EN101,89.67,67.6,2,2,0,75.9
STU0047,GEN001,76.12,83.7,3,3,0,78.6
STU0048,EN201,55.8,59.1,3,0,3,48.9
STU0048,EN101,53.93,47.2,2,2,0,48.3
STU0048,GEN001,59.77,61.9,2,1,1,57.7
STU0048,CS101,63.06,31.5,2,1,1,53.4
STU0049,EN301,84.17,67.4,3,3,0,85.6
STU0049,CS301,78.24,44.8,3,3,0,60.0
STU0049,DS101,80.84,60.2,2,2,0,63.5
STU0050,DS201,60.18,26.4,3,3,0,53.2
STU0050,DS301,49.78,56.2,3,3,0,52.4
STU0050,EN301,65.95,50.1,2,1,1,69.7
STU0051,DS201,78.93,61.6,3,2,1,73.2
STU0051,EN201,78.2,70.9,2,1,1,69.3
STU0051,GEN001,73.96,77.2,2,2,0,79.1
STU0051,GEN002,82.87,75.0,3,3,0,74.4
STU0052,EN201,87.67,99.2,2,2,0,98.9
STU0052,CS301,93.24,95.2,2,2,0,96.0
STU0052,CS201,98.72,88.2,3,2,1,93.7
STU0053,CS101,87.77,73.7,2,2,0,80.1
STU0053,EN301,79.69,72.1,2,2,0,76.0
STU0053,BA301,86.33,100.0,3,3,0,90.1
STU0053,PS201,90.39,91.0,2,2,0,89.4
STU0054,CS201,50.66,32.1,3,3,0,39.5
STU0054,GEN001,61.44,32.9,2,2,0,37.8
STU0054,PS201,63.02,31.6,2,1,1,46.4
STU0055,EN301,68.68,57.8,2,1,1,60.6
STU0055,PS101,78.1,89.9,2,2,0,92.8
STU0055,EN201,66.24,57.0,3,2,1,57.8
STU0056,DS101,72.07,68.7,3,3,0,68.4
STU0056,BA301,82.04,85.6,2,2,0,85.4
STU0056,CS101,74.2,89.4,2,1,1,85.2
STU0057,EN301,99.26,76.9,3,2,1,86.8
STU0057,GEN002,82.13,55.6,3,3,0,83.9
STU0057,EN101,93.51,73.8,2,1,1,85.6
STU0057,CS301,84.42,66.9,2,2,0,79.9
STU0058,EN101,72.91,71.3,2,2,0,74.4
STU0058,EN201,66.28,61.8,2,2,0,65.7
STU0058,DS101,80.48,69.3,3,3,0,74.3
STU0058,CS301,66.63,71.5,2,2,0,74.3
STU0059,PS201,75.78,67.4,2,2,0,77.1
STU0059,EN301,82.87,47.3,2,2,0,72.5
STU0059,PS301,75.35,53.9,3,3,0,69.2
STU0059,CS301,69.83,58.8,3,3,0,74.2
STU0060,EN301,59.65,58.2,2,2,0,63.2
STU0060,GEN001,53.66,56.7,3,3,0,62.5
STU0060,EN101,69.01,63.5,2,2,0,74.3
STU0061,DS301,71.54,52.2,3,2,1,59.2
STU0061,CS301,73.89,63.3,3,3,0,63.0
STU0061,DS101,77.19,56.6,2,2,0,70.1
STU0061,GEN002,75.24,67.8,2,2,0,66.2
STU0062,BA101,97.16,62.1,3,3,0,76.4
STU0062,EN101,99.55,58.8,3,3,0,80.6
STU0062,BA201,93.68,62.4,2,2,0,78.5
STU0063,DS301,84.25,87.6,3,3,0,90.9
STU0063,CS201,99.21,100.0,2,2,0,100.0
STU0063,PS101,77.91,89.9,2,2,0,84.6
STU0064,BA201,75.65,63.8,2,2,0,74.8
STU0064,BA101,83.56,63.7,3,3,0,75.8
STU0064,EN101,76.53,45.7,3,3,0,61.5
STU0065,EN301,77.38,30.9,3,3,0,52.3
STU0065,GEN001,93.0,54.0,3,3,0,73.3
STU0065,EN101,72.17,47.0,2,2,0,60.5
STU0065,BA101,69.76,44.5,3,3,0,65.9
STU0066,EN101,48.17,61.4,3,3,0,51.6
STU0066,DS201,49.47,51.0,3,2,1,43.3
STU0066,CS201,64.09,52.6,3,3,0,60.7
STU0067,EN101,71.1,70.3,2,2,0,66.9
STU0067,EN301,78.14,59.0,3,3,0,67.3
STU0067,BA201,97.95,70.0,3,3,0,81.8
STU0068,EN201,85.16,76.7,2,2,0,88.2
STU0068,EN101,94.92,74.1,2,2,0,85.8
STU0068,BA101,94.24,89.2,2,2,0,93.3
STU0069,EN301,49.1,54.4,3,3,0,53.1
STU0069,EN101,65.4,39.3,2,1,1,52.9
STU0069,DS201,52.19,52.5,2,2,0,59.0
STU0069,EN201,68.95,35.5,3,3,0,64.5
STU0070,CS201,53.06,30.5,3,3,0,45.6
STU0070,EN201,34.17,19.2,2,2,0,22.9
STU0070,PS201,48.47,32.6,3,2,1,39.5
STU0070,BA101,53.96,21.9,3,2,1,47.1
STU0071,PS201,51.49,55.6,2,2,0,53.6
STU0071,GEN002,62.8,39.4,3,3,0,58.1
STU0071,PS101,62.63,42.6,3,3,0,49.9
STU0072,DS301,84.18,71.1,3,2,1,76.9
STU0072,DS101,85.39,82.0,2,2,0,84.5
STU0072,BA101,80.1,71.7,3,3,0,74.7
STU0073,BA301,73.89,62.0,3,2,1,76.8
STU0073,GEN002,70.76,63.5,3,3,0,63.9
STU0073,DS301,78.38,51.9,3,2,1,70.4
STU0073,PS201,72.49,52.9,3,3,0,74.7
STU0074,EN301,34.85,32.4,2,2,0,37.4
STU0074,BA301,52.84,23.1,3,2,1,38.7
STU0074,PS201,54.34,23.7,2,2,0,42.1
STU0074,DS101,53.22,17.1,2,2,0,43.5
STU0075,CS301,73.12,63.2,2,2,0,69.0
STU0075,DS101,86.26,62.1,2,2,0,76.2
STU0075,DS301,90.61,71.9,2,2,0,79.6
STU0076,EN301,79.92,80.6,3,3,0,85.0
STU0076,PS301,93.38,84.4,2,2,0,86.8
STU0076,EN201,63.77,82.2,2,2,0,66.7
STU0077,PS201,76.05,76.8,3,3,0,78.3
STU0077,BA301,81.73,64.5,3,3,0,71.2
STU0077,BA201,65.88,48.1,2,2,0,55.8
STU0077,DS301,64.11,63.9,2,2,0,61.7
STU0078,BA301,50.94,41.1,2,2,0,51.7
STU0078,GEN001,63.45,32.8,3,3,0,52.7
STU0078,DS201,48.49,37.5,3,3,0,54.9
STU0078,CS101,53.23,34.7,3,3,0,41.6
STU0079,EN301,68.72,46.4,3,2,1,57.8
STU0079,CS101,83.49,60.7,2,2,0,71.3
STU0079,EN101,73.3,64.7,2,1,1,69.0
STU0080,PS101,70.82,77.0,2,1,1,69.1
STU0080,BA201,73.15,57.9,3,3,0,68.2
STU0080,EN101,68.3,84.3,3,3,0,77.5
STU0080,GEN002,76.03,63.9,2,1,1,76.7
STU0081,CS101,58.63,61.5,3,3,0,60.9
STU0081,CS201,64.07,72.3,2,1,1,59.6
STU0081,CS301,69.95,38.5,2,2,0,59.0
STU0081,GEN002,62.05,51.9,3,3,0,56.5
STU0082,CS101,74.81,40.7,3,3,0,60.0
STU0082,GEN002,66.0,53.9,3,3,0,60.3
STU0082,GEN001,64.82,64.5,3,3,0,64.4
STU0082,BA101,65.57,58.2,2,2,0,63.3
STU0083,DS301,84.89,58.4,3,3,0,73.0
STU0083,PS201,73.79,61.8,3,3,0,71.4
STU0083,EN101,84.4,63.2,3,3,0,69.3
STU0084,BA101,76.11,55.0,2,2,0,73.5
STU0084,GEN002,81.65,63.5,2,2,0,71.7
STU0084,BA201,78.71,66.0,2,2,0,75.9
STU0085,EN301,70.52,56.9,3,3,0,70.7
STU0085,EN201,64.66,53.1,3,3,0,55.2
STU0085,PS101,62.17,55.1,3,3,0,58.1
STU0086,DS101,72.13,50.0,2,2,0,65.6
STU0086,CS301,88.89,66.4,3,3,0,86.7
STU0086,GEN002,91.05,63.1,3,3,0,78.3
STU0086,PS301,69.09,51.7,3,2,1,67.5
STU0087,PS301,83.77,60.3,3,3,0,68.1
STU0087,PS101,74.29,49.6,3,3,0,60.8
STU0087,GEN002,50.39,51.0,3,3,0,47.4
STU0088,PS101,95.99,54.5,3,3,0,75.3
STU0088,PS301,100.0,54.3,3,3,0,83.1
STU0088,GEN001,100.0,50.5,3,3,0,88.4
STU0089,CS101,96.83,94.9,2,2,0,98.5
STU0089,EN301,88.42,95.2,3,3,0,86.5
STU0089,EN101,85.26,100.0,3,3,0,91.9
STU0090,BA201,96.87,87.0,2,2,0,91.7
STU0090,DS201,97.63,99.2,3,3,0,97.3
STU0090,BA301,97.33,100.0,3,3,0,99.6
STU0091,CS201,80.12,97.7,3,3,0,78.3
STU0091,CS301,92.92,96.3,2,2,0,98.4
STU0091,CS101,97.29,72.2,3,3,0,86.4
STU0092,EN201,81.59,61.1,3,2,1,67.5
STU0092,EN301,84.04,58.7,2,2,0,73.7
STU0092,GEN002,73.92,62.9,2,2,0,71.5
STU0093,DS101,98.37,91.0,3,3,0,99.6
STU0093,DS301,83.28,83.2,3,3,0,82.4
STU0093,CS101,81.54,100.0,2,2,0,83.5
STU0093,CS301,97.61,85.4,2,1,1,93.0
STU0094,BA301,66.66,54.2,3,1,2,60.6
STU0094,BA201,68.69,31.9,2,2,0,48.9
STU0094,DS101,73.41,47.1,2,2,0,69.8
STU0095,CS201,68.88,79.5,2,2,0,71.6
STU0095,CS101,70.46,65.4,3,2,1,66.2
STU0095,EN201,76.3,71.7,3,2,1,75.0
STU0095,PS101,77.76,54.0,3,2,1,60.4
STU0096,BA301,73.41,44.7,2,2,0,64.1
STU0096,EN101,58.85,60.5,3,0,3,53.9
STU0096,PS301,90.22,60.8,3,3,0,71.8
STU0097,DS301,64.54,58.2,2,2,0,55.7
STU0097,DS101,78.93,47.8,2,2,0,72.6
STU0097,PS201,85.27,63.7,3,3,0,80.8
STU0097,GEN002,79.62,59.1,3,2,1,71.4
STU0098,PS101,83.8,78.7,3,3,0,84.7
STU0098,BA201,95.42,68.4,2,2,0,91.5
STU0098,GEN001,84.53,74.9,3,2,1,87.3
STU0099,PS301,80.73,84.0,3,2,1,77.0
STU0099,DS201,84.05,48.3,3,3,0,71.4
STU0099,GEN002,81.63,76.1,2,2,0,78.5
STU0100,PS101,62.23,55.1,3,1,2,52.1
STU0100,BA301,66.89,36.8,3,3,0,50.3
STU0100,GEN002,78.57,63.6,3,3,0,72.8
STU0100,GEN001,71.49,48.8,3,3,0,65.4
STU0101,EN101,73.56,72.7,2,2,0,79.2
STU0101,GEN001,76.51,71.6,3,2,1,69.3
STU0101,EN301,72.16,61.8,2,2,0,61.8
STU0101,DS301,75.69,77.1,3,2,1,72.3
STU0102,DS101,60.02,61.6,3,2,1,60.9
STU0102,CS101,65.03,90.5,3,3,0,70.7
STU0102,PS201,66.29,77.6,3,3,0,67.3
STU0102,GEN001,62.4,74.5,3,3,0,64.7
STU0103,CS201,72.35,55.3,2,2,0,54.6
STU0103,DS101,66.88,58.4,2,2,0,74.5
STU0103,CS301,71.1,59.3,3,3,0,62.0
STU0104,CS201,63.71,36.4,3,3,0,56.7
STU0104,DS201,47.03,53.6,3,2,1,44.1
STU0104,BA101,60.79,48.7,3,2,1,51.9
STU0105,DS201,68.7,59.6,2,2,0,68.2
STU0105,GEN001,66.15,57.9,3,3,0,60.8
STU0105,EN201,81.24,42.4,3,3,0,63.1
STU0105,DS101,76.62,52.5,3,3,0,70.4
STU0106,EN101,76.34,82.7,2,2,0,80.5
STU0106,CS201,70.55,82.8,3,3,0,79.2
STU0106,PS301,84.13,90.6,3,3,0,89.3
STU0106,BA201,97.77,81.2,3,2,1,98.0
STU0107,PS201,65.89,39.7,2,2,0,58.3
STU0107,BA101,50.91,39.6,3,3,0,38.3
STU0107,GEN001,60.54,42.6,3,2,1,52.9
STU0107,DS301,56.16,41.1,2,2,0,45.4
STU0108,EN301,76.5,83.1,2,2,0,69.4
STU0108,CS101,73.99,76.6,3,3,0,72.8
STU0108,GEN002,76.61,87.2,3,3,0,84.6
STU0108,GEN001,70.69,89.4,3,3,0,72.0
STU0109,PS101,79.09,65.0,2,2,0,66.4
STU0109,GEN001,74.92,73.9,3,3,0,72.6
STU0109,GEN002,76.23,75.9,2,2,0,76.8
STU0110,PS201,59.18,35.5,2,2,0,47.0
STU0110,DS201,71.34,35.4,2,1,1,54.2
STU0110,CS101,61.97,48.7,2,2,0,59.2
STU0110,EN201,54.99,59.9,3,2,1,44.4
STU0111,CS101,88.47,62.4,3,3,0,79.7
STU0111,BA201,71.14,69.5,3,3,0,76.0
STU0111,BA101,83.96,67.6,3,3,0,79.0
STU0111,DS301,90.04,71.6,2,2,0,81.2
STU0112,BA301,68.01,53.2,3,3,0,65.6
STU0112,GEN001,79.13,43.5,3,3,0,74.4
STU0112,CS101,78.54,63.3,3,3,0,71.5
STU0112,BA101,79.05,57.4,2,2,0,73.0
STU0113,EN101,59.42,78.0,3,2,1,67.9
STU0113,BA301,65.73,39.5,2,1,1,57.1
STU0113,CS301,69.75,58.7,3,3,0,64.0
STU0114,DS201,61.05,35.0,3,2,1,50.6
STU0114,PS201,73.52,34.7,3,3,0,56.3
STU0114,DS301,67.11,41.1,3,2,1,55.0
STU0115,CS101,94.85,80.3,3,3,0,91.6
STU0115,EN201,72.34,82.6,2,1,1,72.7
STU0115,BA201,78.35,72.6,2,2,0,72.5
STU0116,DS201,98.02,82.8,2,2,0,91.8
STU0116,DS101,91.43,86.0,3,3,0,91.9
STU0116,CS201,79.6,100.0,3,3,0,89.2
STU0117,CS201,64.46,68.7,3,3,0,66.2
STU0117,BA301,51.2,28.3,3,3,0,32.3
STU0117,PS201,55.3,51.5,2,1,1,55.8
STU0117,GEN002,61.74,60.3,3,3,0,58.7
STU0118,EN201,52.27,63.7,2,2,0,56.9
STU0118,CS101,70.63,51.3,3,2,1,59.4
STU0118,EN301,69.12,31.4,3,2,1,50.3
STU0119,BA101,80.11,80.2,3,3,0,81.5
STU0119,BA301,70.65,65.5,3,3,0,67.3
STU0119,DS301,62.73,53.1,2,2,0,59.5
STU0119,EN101,68.02,72.4,3,3,0,76.3
STU0120,CS301,70.72,64.9,3,3,0,69.0
STU0120,BA201,79.48,50.9,2,2,0,75.4
STU0120,GEN002,78.87,55.8,2,2,0,69.9
STU0120,EN201,92.0,52.0,2,2,0,74.5
STU0121,DS201,63.41,56.8,3,1,2,58.7
STU0121,CS301,73.36,57.1,2,2,0,70.4
STU0121,EN101,63.61,74.5,3,3,0,61.2
STU0122,BA101,70.52,28.4,2,2,0,56.9
STU0122,CS201,66.97,16.4,2,1,1,53.9
STU0122,GEN001,67.62,24.2,2,2,0,45.5
STU0123,PS301,80.68,68.1,3,2,1,73.1
STU0123,EN301,67.85,73.3,3,3,0,68.7
STU0123,BA101,84.31,41.2,3,2,1,63.7
STU0123,DS301,69.62,67.3,3,3,0,67.5
STU0124,CS201,78.53,60.4,3,3,0,75.4
STU0124,CS101,70.85,71.7,3,3,0,69.8
STU0124,EN301,92.89,75.4,3,3,0,71.6
STU0124,BA201,92.82,68.5,3,3,0,83.2
STU0125,PS101,98.0,74.1,2,2,0,92.7
STU0125,PS301,90.1,61.8,2,2,0,73.3
STU0125,BA301,97.08,89.1,2,2,0,100.0
STU0125,CS301,96.73,79.4,3,3,0,92.1
STU0126,EN201,76.34,45.7,2,2,0,66.2
STU0126,PS301,72.78,29.4,3,3,0,60.0
STU0126,EN301,82.26,50.7,2,2,0,76.4
STU0127,DS201,42.38,19.5,3,3,0,45.6
STU0127,PS101,44.38,30.2,3,3,0,38.4
STU0127,GEN001,39.56,18.2,3,3,0,35.1
STU0128,CS301,68.14,68.0,3,3,0,66.3
STU0128,BA301,67.71,33.5,3,2,1,58.6
STU0128,CS101,56.66,59.1,2,1,1,53.0
STU0129,BA301,78.73,67.3,3,3,0,70.7
STU0129,BA101,73.06,56.3,3,3,0,69.7
STU0129,EN101,84.84,54.4,2,2,0,70.8
STU0130,PS101,92.48,89.4,3,3,0,90.9
STU0130,CS201,100.0,95.0,3,3,0,93.0
STU0130,BA201,100.0,97.7,2,2,0,100.0
STU0130,CS301,94.49,99.0,2,2,0,92.1
STU0131,DS201,76.15,77.5,3,3,0,73.9
STU0131,BA101,78.47,80.9,3,3,0,84.2
STU0131,DS101,73.34,76.2,3,3,0,79.6
STU0132,PS301,100.0,82.9,3,3,0,87.9
STU0132,EN301,93.39,64.6,3,3,0,77.4
STU0132,BA101,86.24,81.1,2,2,0,90.5
STU0132,BA201,84.37,92.1,3,3,0,94.5
STU0133,DS201,54.98,75.3,3,3,0,62.0
STU0133,CS101,70.55,80.1,3,3,0,74.3
STU0133,EN301,71.39,72.9,2,1,1,69.4
STU0133,BA101,67.98,59.4,2,2,0,76.3
STU0134,PS301,89.54,42.4,2,2,0,66.3
STU0134,CS301,86.44,53.2,3,3,0,82.1
STU0134,GEN001,82.88,69.7,2,2,0,70.5
STU0135,EN301,89.42,67.5,3,3,0,76.9
STU0135,PS301,87.82,68.3,2,2,0,80.5
STU0135,BA101,91.52,73.2,2,2,0,84.5
STU0136,EN101,100.0,100.0,2,2,0,100.0
STU0136,DS101,100.0,94.1,3,3,0,99.0
STU0136,PS101,85.62,100.0,3,2,1,96.5
STU0137,EN201,73.25,41.1,3,3,0,57.7
STU0137,EN301,61.28,30.3,2,2,0,53.5
STU0137,PS101,52.25,41.0,3,3,0,45.8
STU0138,PS301,97.59,74.0,3,3,0,92.5
STU0138,GEN001,68.91,69.4,3,3,0,65.7
STU0138,GEN002,59.37,53.1,3,3,0,62.0
STU0139,PS101,49.0,52.4,3,3,0,52.6
STU0139,DS101,53.52,71.5,3,3,0,60.9
STU0139,DS301,54.16,46.3,3,1,2,46.3
STU0139,EN101,44.36,57.6,2,2,0,53.0
STU0140,PS101,97.14,79.5,3,3,0,92.2
STU0140,GEN002,92.64,56.9,3,3,0,83.3
STU0140,PS201,100.0,59.7,3,3,0,87.5
STU0140,PS301,88.63,79.2,3,3,0,90.9
STU0141,DS201,54.13,69.4,2,2,0,52.6
STU0141,CS101,77.34,80.6,3,3,0,80.4
STU0141,GEN002,68.73,78.7,3,3,0,72.7
STU0142,BA301,64.41,55.0,2,2,0,52.1
STU0142,DS201,64.09,79.0,3,2,1,66.1
STU0142,BA201,72.32,70.0,3,3,0,74.5
STU0142,BA101,73.08,56.4,2,2,0,70.5
STU0143,PS301,90.44,86.9,3,3,0,90.1
STU0143,PS201,78.78,85.8,3,3,0,83.5
STU0143,BA301,89.25,97.0,2,1,1,94.5
STU0144,CS101,76.9,65.9,2,2,0,67.6
STU0144,CS201,71.16,61.2,3,3,0,65.0
STU0144,EN101,78.74,68.2,3,3,0,77.8
STU0145,CS301,98.6,81.1,2,2,0,88.5
STU0145,CS101,89.14,68.6,2,2,0,85.4
STU0145,DS101,79.31,78.3,3,3,0,76.2
STU0146,DS201,68.28,62.0,3,3,0,64.1
STU0146,PS101,76.39,61.6,2,2,0,73.0
STU0146,BA201,60.89,58.7,3,2,1,56.4
STU0147,BA301,83.95,80.5,2,2,0,85.4
STU0147,GEN002,67.8,87.6,3,2,1,72.3
STU0147,GEN001,72.9,59.0,3,3,0,70.9
STU0148,EN301,67.68,39.1,3,2,1,55.6
STU0148,GEN001,62.02,41.7,3,3,0,47.7
STU0148,DS201,59.61,37.5,3,2,1,53.4
STU0149,BA101,68.83,45.3,3,2,1,59.8
STU0149,EN201,65.17,46.6,2,2,0,70.5
STU0149,CS201,54.34,76.7,3,2,1,65.2
STU0149,PS301,63.7,74.7,3,3,0,66.3
STU0150,DS101,42.13,51.2,2,2,0,49.5
STU0150,GEN001,48.22,58.8,2,2,0,49.1
STU0150,PS101,50.24,48.6,3,3,0,50.8
STU0151,DS301,65.51,27.3,3,2,1,45.9
STU0151,EN101,67.98,43.5,3,3,0,53.6
STU0151,GEN002,59.3,49.4,2,1,1,53.4
STU0151,CS101,67.1,48.9,3,3,0,57.1
STU0152,PS201,69.04,26.5,3,3,0,42.5
STU0152,BA301,46.83,34.2,3,3,0,40.7
STU0152,EN301,44.08,29.3,2,1,1,35.6
STU0152,PS101,46.35,34.6,3,3,0,48.1
STU0153,DS301,89.16,77.9,3,3,0,86.3
STU0153,DS101,71.87,80.3,2,2,0,77.8
STU0153,BA301,80.07,80.2,2,2,0,82.3
STU0153,PS201,86.69,88.0,2,2,0,82.3
STU0154,CS301,55.5,74.9,2,2,0,55.2
STU0154,CS101,71.81,69.8,3,3,0,69.5
STU0154,GEN001,62.55,64.7,3,3,0,60.7
STU0155,BA201,74.43,60.0,3,3,0,73.2
STU0155,DS301,56.37,50.8,3,3,0,50.8
STU0155,BA101,70.64,57.7,3,3,0,66.1
STU0156,DS301,96.86,98.0,3,3,0,91.6
STU0156,EN301,94.47,100.0,3,3,0,93.3
STU0156,GEN002,90.46,84.7,2,2,0,92.6
STU0156,GEN001,84.56,100.0,3,3,0,88.9
STU0157,CS101,92.57,90.2,3,3,0,99.7
STU0157,CS201,78.12,100.0,3,3,0,89.0
STU0157,GEN002,78.01,83.8,2,2,0,78.0
STU0157,PS101,82.0,100.0,3,3,0,84.1
STU0158,BA101,58.72,46.1,2,2,0,51.5
STU0158,EN101,70.42,47.4,3,3,0,62.1
STU0158,BA201,64.13,57.0,2,2,0,58.5
STU0158,BA301,61.76,38.9,2,2,0,52.3
STU0159,PS101,77.28,70.3,3,2,1,81.6
STU0159,GEN001,64.39,70.3,3,3,0,67.4
STU0159,BA301,61.54,50.9,3,3,0,57.7
STU0159,EN301,62.42,75.7,2,1,1,63.1
STU0160,DS201,57.85,54.3,3,2,1,53.5
STU0160,BA301,80.29,38.8,2,1,1,66.5
STU0160,DS301,54.04,50.4,3,1,2,50.8
STU0160,EN201,60.51,55.7,2,2,0,61.0
STU0161,BA201,52.11,77.6,2,2,0,65.1
STU0161,BA301,54.07,70.7,3,3,0,63.4
STU0161,CS301,47.13,72.7,3,3,0,57.8
STU0161,PS101,55.7,65.8,3,2,1,57.6
STU0162,BA101,81.36,79.3,3,3,0,76.4
STU0162,DS101,70.97,57.7,3,2,1,65.9
STU0162,EN301,76.75,80.4,2,2,0,78.2
STU0162,BA201,71.46,77.8,2,2,0,70.6
STU0163,PS201,58.95,44.8,3,3,0,52.7
STU0163,PS101,57.22,34.9,2,2,0,51.9
STU0163,DS301,70.98,44.6,2,2,0,59.2
STU0164,EN301,72.86,57.7,3,3,0,67.9
STU0164,EN201,70.03,50.8,2,2,0,61.2
STU0164,PS301,58.15,54.2,3,3,0,63.1
STU0165,CS201,69.39,63.4,2,1,1,64.5
STU0165,BA101,84.62,65.0,3,3,0,71.5
STU0165,CS301,84.17,67.4,3,3,0,80.5
STU0166,EN101,55.94,47.4,3,2,1,54.4
STU0166,BA301,71.33,21.4,2,2,0,46.8
STU0166,EN201,80.28,32.8,3,2,1,61.6
STU0167,BA101,86.12,42.6,3,3,0,67.4
STU0167,BA201,83.35,63.8,3,3,0,79.2
STU0167,PS301,67.22,62.9,3,3,0,75.0
STU0168,EN201,55.15,41.9,3,2,1,48.1
STU0168,GEN001,49.72,48.2,3,3,0,55.3
STU0168,BA201,37.88,22.7,3,2,1,30.4
STU0169,DS301,90.3,78.8,3,3,0,84.8
STU0169,GEN001,82.28,85.8,2,0,2,87.8
STU0169,PS301,60.35,82.3,3,1,2,66.8
STU0169,GEN002,71.26,77.0,3,3,0,81.4
STU0170,EN301,85.38,61.0,3,2,1,75.3
STU0170,GEN001,76.97,60.9,3,3,0,74.2
STU0170,DS201,79.76,53.1,3,3,0,66.4
STU0170,GEN002,91.86,59.6,2,2,0,81.1
STU0171,EN101,71.01,45.2,3,3,0,58.5
STU0171,DS101,76.83,42.6,3,3,0,58.4
STU0171,EN201,78.47,64.8,2,2,0,85.5
STU0171,PS101,74.77,52.1,2,2,0,67.6
STU0172,BA301,97.0,70.9,3,3,0,73.6
STU0172,CS201,79.49,78.7,3,3,0,77.3
STU0172,EN101,75.66,86.9,2,2,0,77.8
STU0172,BA201,86.29,83.3,2,2,0,81.2
STU0173,EN101,75.93,89.1,3,3,0,72.7
STU0173,EN201,80.13,100.0,2,2,0,93.3
STU0173,GEN001,82.52,87.3,2,1,1,86.6
STU0174,EN101,85.22,86.5,3,3,0,86.3
STU0174,GEN002,74.84,72.4,3,3,0,73.6
STU0174,BA201,80.12,82.2,3,3,0,84.3
STU0174,CS101,89.16,63.7,2,2,0,73.9
STU0175,PS101,89.87,68.7,2,2,0,81.3
STU0175,PS201,79.67,65.4,3,3,0,74.5
STU0175,DS101,68.88,50.1,2,2,0,55.0
STU0175,PS301,75.06,71.5,3,3,0,78.6
STU0176,BA301,63.79,74.2,3,2,1,67.2
STU0176,BA201,67.46,63.4,2,2,0,72.6
STU0176,BA101,61.99,50.9,2,2,0,56.7
STU0176,EN301,85.55,77.9,2,2,0,82.6
STU0177,DS301,76.7,74.1,2,2,0,66.3
STU0177,CS301,65.22,70.3,3,3,0,61.7
STU0177,GEN001,81.28,66.8,2,2,0,80.0
STU0178,EN301,40.9,29.2,3,2,1,27.3
STU0178,GEN002,67.4,29.0,2,1,1,55.0
STU0178,BA101,50.56,18.7,2,2,0,33.9
STU0179,DS101,61.08,73.3,2,2,0,74.0
STU0179,EN301,48.51,42.2,3,3,0,52.4
STU0179,CS201,73.94,51.6,2,2,0,62.0
STU0179,BA101,63.25,57.9,2,1,1,53.7
STU0180,CS301,94.81,79.7,3,3,0,85.6
STU0180,GEN001,87.85,89.9,2,2,0,83.8
STU0180,CS201,97.68,75.1,3,3,0,88.4
STU0180,GEN002,93.14,81.3,2,2,0,91.1
STU0181,CS201,78.01,84.1,3,3,0,86.3
STU0181,PS301,87.68,73.1,3,3,0,83.8
STU0181,CS101,74.1,83.1,2,2,0,81.2
STU0182,EN101,100.0,84.1,3,2,1,78.9
STU0182,GEN001,88.78,62.6,3,3,0,83.0
STU0182,EN301,90.71,52.4,3,3,0,78.3
STU0183,BA301,51.83,34.8,2,2,0,40.0
STU0183,CS101,48.56,34.2,3,2,1,36.5
STU0183,CS301,69.14,25.2,2,1,1,49.1
STU0183,PS301,45.88,31.3,2,1,1,38.8
STU0184,CS201,52.0,34.6,3,3,0,39.8
STU0184,EN301,69.77,35.3,3,3,0,59.7
STU0184,CS301,53.71,26.7,2,1,1,41.4
STU0184,BA101,71.06,22.8,2,1,1,55.1
STU0185,DS301,70.12,64.5,3,3,0,71.2
STU0185,GEN001,58.91,47.9,3,2,1,44.9
STU0185,BA301,81.78,45.1,2,2,0,67.9
STU0186,PS101,37.89,29.8,2,1,1,36.3
STU0186,EN101,34.55,20.4,2,2,0,39.0
STU0186,GEN002,43.06,22.2,3,2,1,35.1
STU0186,PS301,39.54,1.6,3,1,2,30.6
STU0187,EN201,60.53,40.8,2,2,0,63.5
STU0187,EN301,49.83,70.4,2,2,0,63.4
STU0187,DS201,59.49,57.0,2,2,0,57.0
STU0188,EN301,82.27,87.5,2,2,0,77.9
STU0188,BA201,70.46,78.9,2,2,0,70.8
STU0188,CS201,69.13,70.7,2,2,0,69.7
STU0189,PS101,89.84,75.4,3,3,0,82.0
STU0189,PS201,92.01,66.6,3,3,0,84.4
STU0189,PS301,93.4,61.7,3,3,0,72.8
STU0190,EN101,78.3,75.5,3,3,0,70.5
STU0190,DS101,95.3,63.0,2,2,0,77.7
STU0190,PS201,69.3,67.6,3,3,0,61.9
STU0190,CS201,66.02,66.1,2,2,0,72.4
STU0191,BA101,100.0,94.1,2,2,0,98.6
STU0191,PS201,97.57,88.2,2,2,0,90.4
STU0191,BA201,100.0,87.3,2,2,0,100.0
STU0191,PS101,100.0,91.6,3,3,0,93.7
STU0192,BA301,71.95,40.6,3,3,0,63.0
STU0192,BA201,70.14,55.9,3,3,0,58.6
STU0192,CS201,71.64,60.7,3,3,0,68.7
STU0193,PS301,55.1,32.3,3,3,0,34.2
STU0193,BA101,57.67,27.0,3,2,1,47.3
STU0193,EN201,53.75,46.6,3,3,0,52.6
STU0193,GEN002,74.0,45.7,2,1,1,64.3
STU0194,PS201,54.67,35.8,3,3,0,45.9
STU0194,GEN002,53.45,33.8,2,1,1,35.2
STU0194,BA201,67.59,37.4,3,3,0,48.1
STU0195,CS101,77.62,50.2,2,2,0,67.6
STU0195,BA301,75.14,52.7,3,3,0,71.0
STU0195,PS101,68.99,53.0,3,2,1,58.7
STU0195,PS201,74.04,52.1,3,3,0,62.0
STU0196,CS301,63.54,54.1,2,2,0,62.3
STU0196,PS301,60.16,58.3,3,2,1,61.9
STU0196,DS201,85.66,54.7,2,1,1,71.2
STU0197,EN101,66.56,40.8,3,3,0,59.5
STU0197,BA301,69.39,35.1,3,3,0,57.2
STU0197,CS101,56.12,36.8,2,1,1,39.7
STU0198,CS101,86.39,100.0,3,3,0,95.7
STU0198,DS301,82.99,89.9,3,3,0,91.0
STU0198,GEN002,75.25,87.3,2,2,0,73.1
STU0199,DS201,51.72,29.9,3,3,0,47.7
STU0199,GEN001,72.77,14.2,3,2,1,56.8
STU0199,GEN002,73.27,24.3,2,2,0,57.2
STU0199,PS301,56.4,21.9,2,2,0,41.7
STU0200,EN101,67.37,59.4,2,2,0,62.2
STU0200,GEN001,79.6,70.5,2,2,0,76.4
STU0200,DS201,65.74,79.7,2,2,0,76.6
STU0201,CS301,63.82,25.1,3,3,0,50.9
STU0201,EN201,42.31,33.6,3,3,0,35.4
STU0201,GEN001,69.03,31.2,2,1,1,51.5
STU0201,DS201,41.84,25.3,2,2,0,29.0
STU0202,PS301,93.26,95.2,3,3,0,100.0
STU0202,PS201,91.97,76.5,3,3,0,89.2
STU0202,BA201,95.85,71.2,2,2,0,82.9
STU0203,EN201,35.61,19.9,3,3,0,23.4
STU0203,EN101,47.9,13.2,3,3,0,33.1
STU0203,EN301,50.14,40.4,3,1,2,34.0
STU0204,BA301,87.5,68.1,3,3,0,70.4
STU0204,BA201,89.25,54.8,3,3,0,71.4
STU0204,BA101,87.48,47.2,2,2,0,66.5
STU0205,BA201,76.08,62.1,3,2,1,68.4
STU0205,GEN001,81.82,85.1,3,3,0,71.9
STU0205,BA301,74.26,40.7,3,3,0,67.1
STU0206,EN101,73.19,65.6,2,2,0,67.0
STU0206,BA101,70.19,84.9,3,3,0,80.2
STU0206,GEN002,60.01,47.8,2,2,0,63.8
STU0207,CS301,71.6,37.7,3,3,0,59.9
STU0207,CS201,71.55,54.7,3,3,0,58.5
STU0207,GEN001,55.79,46.7,3,2,1,49.9
STU0207,BA201,65.81,36.9,3,3,0,58.7
STU0208,DS101,95.48,81.4,3,3,0,94.3
STU0208,GEN002,91.67,71.7,2,1,1,76.6
STU0208,PS301,91.37,85.4,3,3,0,87.3
STU0209,DS101,73.1,76.6,3,3,0,64.1
STU0209,EN101,78.34,48.3,2,2,0,65.3
STU0209,CS301,79.7,67.9,2,2,0,64.2
STU0210,CS301,79.36,88.3,3,3,0,82.6
STU0210,DS301,90.45,77.0,3,3,0,83.6
STU0210,PS301,93.46,91.1,3,2,1,87.9
STU0211,BA101,94.04,83.9,3,3,0,87.6
STU0211,BA301,72.93,67.4,3,3,0,68.2
STU0211,PS101,88.8,81.4,2,2,0,84.7
STU0211,EN201,94.26,94.3,2,2,0,86.7
STU0212,PS201,57.91,55.0,2,2,0,58.7
STU0212,PS301,44.38,44.4,3,1,2,39.7
STU0212,BA201,65.31,40.4,2,2,0,58.9
STU0213,EN301,74.17,49.8,3,3,0,69.7
STU0213,GEN002,79.84,64.2,3,3,0,65.3
STU0213,BA201,72.29,44.5,3,2,1,54.9
STU0214,CS301,99.65,77.5,2,2,0,96.0
STU0214,DS101,94.05,58.3,3,3,0,81.2
STU0214,EN301,82.32,82.7,3,2,1,80.4
STU0214,CS101,86.71,76.5,3,3,0,84.7
STU0215,EN301,72.14,42.8,3,3,0,52.4
STU0215,GEN001,73.19,54.8,2,2,0,64.6
STU0215,GEN002,69.83,35.0,3,3,0,55.1
STU0216,PS301,50.13,24.8,3,3,0,42.6
STU0216,DS201,53.4,44.6,2,2,0,53.0
STU0216,EN201,62.12,23.8,3,3,0,46.9
STU0217,EN301,91.99,73.5,3,3,0,83.6
STU0217,CS101,76.25,65.6,2,2,0,67.6
STU0217,GEN002,87.22,86.4,3,3,0,89.8
STU0218,EN301,86.68,77.2,2,1,1,82.8
STU0218,PS101,95.7,82.8,2,2,0,81.9
STU0218,GEN001,93.12,86.3,3,3,0,84.7
STU0219,EN101,66.81,52.8,3,1,2,65.0
STU0219,BA201,94.46,51.5,3,3,0,77.3
STU0219,CS201,72.88,43.1,2,2,0,65.0
STU0219,PS301,75.58,53.3,2,2,0,64.3
STU0220,BA201,53.1,36.0,2,1,1,46.2
STU0220,GEN002,56.67,35.5,3,2,1,48.9
STU0220,BA301,67.41,10.4,3,3,0,37.7
STU0220,GEN001,58.86,27.2,3,3,0,46.1
STU0221,CS101,78.5,61.1,2,1,1,67.5
STU0221,GEN002,80.6,55.1,2,2,0,65.9
STU0221,BA301,80.99,67.5,2,2,0,76.5
STU0221,EN101,84.22,49.7,2,2,0,66.0
STU0222,BA201,64.92,59.9,3,2,1,68.2
STU0222,BA101,71.57,48.2,2,2,0,59.7
STU0222,GEN002,67.54,48.7,3,2,1,58.7
STU0222,CS201,67.45,49.2,3,3,0,50.0
STU0223,DS101,40.42,3.2,2,1,1,24.3
STU0223,GEN002,51.24,26.1,3,3,0,45.6
STU0223,CS101,51.46,32.2,2,2,0,36.2
STU0224,EN101,49.61,45.0,2,2,0,50.9
STU0224,PS201,71.17,25.0,2,2,0,53.7
STU0224,BA101,65.31,54.1,2,1,1,64.9
STU0225,BA101,62.94,62.0,3,1,2,66.2
STU0225,PS101,55.42,52.4,3,3,0,53.2
STU0225,BA201,58.89,43.3,3,3,0,61.0
STU0226,CS301,75.0,71.4,2,2,0,70.3
STU0226,EN101,81.17,79.7,3,3,0,80.6
STU0226,GEN002,68.81,66.6,3,3,0,64.5
STU0227,EN201,80.82,64.0,2,2,0,76.7
STU0227,PS101,80.25,50.5,3,3,0,72.3
STU0227,DS201,67.28,71.1,2,2,0,76.3
STU0227,EN301,91.05,42.0,2,2,0,75.3
STU0228,CS201,83.13,47.7,2,2,0,70.3
STU0228,DS201,80.3,68.8,3,3,0,67.8
STU0228,CS101,76.58,56.3,3,2,1,56.4
STU0229,CS301,71.95,37.6,3,2,1,59.3
STU0229,CS201,66.79,51.8,2,2,0,54.4
STU0229,CS101,72.58,62.5,3,3,0,68.0
STU0230,EN301,62.99,69.3,2,2,0,62.5
STU0230,GEN002,59.02,45.7,3,2,1,48.9
STU0230,DS101,60.04,60.5,3,3,0,59.3
STU0230,EN101,68.43,55.1,3,2,1,65.9
STU0231,CS101,73.4,45.9,3,3,0,63.7
STU0231,DS201,95.7,51.2,2,2,0,82.7
STU0231,BA101,81.17,51.4,2,2,0,67.7
STU0231,PS301,85.0,48.9,3,3,0,72.2
STU0232,CS101,54.72,47.9,2,1,1,51.2
STU0232,EN301,48.47,55.7,2,0,2,60.8
STU0232,PS101,57.36,62.0,3,1,2,65.2
STU0232,CS301,58.02,62.7,3,3,0,60.6
STU0233,PS101,71.75,29.4,3,2,1,56.8
STU0233,BA201,76.12,36.2,3,3,0,56.8
STU0233,EN201,69.47,17.6,3,3,0,53.1
STU0234,PS201,64.0,36.6,3,3,0,58.4
STU0234,EN201,63.44,17.9,3,3,0,37.7
STU0234,DS301,74.07,29.3,2,2,0,57.5
STU0235,EN201,72.95,52.5,3,3,0,61.4
STU0235,PS201,70.28,64.7,3,2,1,72.6
STU0235,CS301,67.57,66.5,2,2,0,65.8
STU0236,CS101,61.85,65.2,3,3,0,64.0
STU0236,DS301,84.23,75.4,3,3,0,69.7
STU0236,CS301,59.93,59.9,3,3,0,59.1
STU0237,EN201,61.47,65.0,3,2,1,64.2
STU0237,EN101,75.64,56.6,2,1,1,64.5
STU0237,CS101,57.93,85.8,2,2,0,61.5
STU0238,CS101,70.75,41.6,2,2,0,59.8
STU0238,EN201,53.08,50.1,2,2,0,45.5
STU0238,GEN001,62.83,59.6,2,2,0,68.1
STU0239,CS201,68.85,41.0,3,2,1,64.2
STU0239,GEN002,67.54,45.5,3,3,0,54.7
STU0239,CS101,63.0,64.8,2,2,0,51.8
STU0239,BA201,63.12,63.0,3,3,0,61.2
STU0240,BA201,79.12,72.0,3,3,0,82.9
STU0240,GEN001,89.91,100.0,3,3,0,93.5
STU0240,GEN002,91.34,100.0,2,2,0,100.0
STU0241,PS301,86.42,100.0,3,3,0,91.9
STU0241,EN101,94.66,100.0,2,2,0,100.0
STU0241,PS101,82.16,87.0,2,1,1,87.0
STU0242,DS201,53.87,34.0,3,3,0,46.1
STU0242,CS201,62.98,38.5,3,3,0,51.3
STU0242,GEN001,51.32,26.0,3,3,0,36.9
STU0243,BA201,94.61,78.8,3,3,0,90.7
STU0243,DS301,84.69,89.6,3,3,0,89.0
STU0243,EN201,85.76,87.3,3,3,0,94.3
STU0243,CS201,80.01,78.6,3,3,0,79.0
STU0244,PS301,66.39,69.4,2,2,0,70.3
STU0244,PS101,62.47,72.8,3,3,0,71.6
STU0244,PS201,63.86,61.3,3,3,0,72.1
STU0245,EN301,92.21,93.2,3,3,0,92.6
STU0245,DS101,76.95,62.5,3,3,0,67.5
STU0245,GEN002,83.44,75.6,3,3,0,75.1
STU0245,GEN001,82.53,62.9,3,3,0,80.2
STU0246,PS301,63.74,62.5,2,1,1,58.5
STU0246,DS301,51.21,48.6,3,2,1,44.4
STU0246,GEN002,53.93,62.0,3,1,2,54.0
STU0247,EN201,57.61,62.0,3,3,0,54.2
STU0247,GEN001,77.12,66.4,2,2,0,75.4
STU0247,GEN002,77.0,81.2,3,3,0,75.9
STU0248,DS301,81.62,70.3,3,3,0,79.5
STU0248,GEN002,78.48,54.0,2,2,0,65.3
STU0248,DS101,69.22,62.5,2,2,0,69.4
STU0248,EN201,76.03,64.5,3,3,0,68.3
STU0249,DS201,51.76,27.6,2,2,0,38.8
STU0249,EN201,34.94,31.4,2,2,0,31.7
STU0249,GEN001,57.22,31.0,2,2,0,47.3
STU0250,DS301,59.0,62.9,3,2,1,55.3
STU0250,GEN001,78.34,84.8,3,3,0,83.6
STU0250,EN101,80.77,63.0,3,3,0,76.2
STU0251,CS301,69.92,39.1,2,2,0,49.8
STU0251,CS101,69.58,69.0,2,1,1,71.5
STU0251,DS201,71.07,74.8,3,3,0,64.1
STU0252,BA301,60.28,49.5,3,3,0,57.0
STU0252,CS301,70.21,49.9,2,2,0,58.4
STU0252,CS101,82.8,53.1,3,3,0,64.7
STU0252,EN101,76.85,58.7,3,3,0,76.8
STU0253,BA201,86.13,69.3,3,3,0,83.7
STU0253,CS201,81.38,72.0,2,2,0,74.0
STU0253,PS301,80.02,89.4,3,3,0,82.7
STU0253,DS101,98.8,67.7,3,3,0,86.1
STU0254,PS201,91.73,100.0,2,2,0,100.0
STU0254,EN301,92.82,96.9,3,3,0,100.0
STU0254,CS101,83.41,100.0,3,2,1,91.2
STU0254,EN101,86.19,86.8,2,2,0,86.3
STU0255,DS101,82.98,81.8,2,2,0,89.3
STU0255,EN101,82.88,63.5,2,2,0,78.2
STU0255,PS101,83.2,63.3,3,3,0,73.1
STU0255,CS201,83.08,67.5,2,2,0,76.2
STU0256,PS301,66.66,51.4,3,3,0,60.4
STU0256,PS201,58.21,56.9,3,3,0,55.3
STU0256,GEN001,74.41,54.6,3,3,0,70.3
STU0256,BA101,61.26,64.1,3,2,1,53.3
STU0257,EN201,100.0,100.0,2,2,0,100.0
STU0257,CS101,96.54,89.9,2,2,0,88.9
STU0257,DS201,100.0,93.0,3,3,0,97.6
STU0258,EN101,82.93,67.0,3,3,0,82.5
STU0258,EN301,75.8,75.2,2,2,0,70.2
STU0258,BA201,80.78,75.5,3,3,0,83.9
STU0258,EN201,64.39,67.3,2,2,0,61.9
STU0259,PS201,75.37,53.6,2,2,0,70.3
STU0259,PS301,76.25,62.9,3,3,0,66.4
STU0259,PS101,66.04,58.5,3,3,0,62.7
STU0259,GEN002,64.4,58.0,2,2,0,59.4
STU0260,CS201,97.87,78.8,3,3,0,93.2
STU0260,PS201,100.0,70.4,3,3,0,88.1
STU0260,GEN001,96.94,74.2,3,3,0,89.2
STU0261,CS101,100.0,61.4,3,3,0,91.3
STU0261,DS301,96.43,69.0,3,2,1,86.8
STU0261,BA101,87.55,82.6,3,3,0,83.9
STU0261,EN301,100.0,70.6,3,3,0,87.7
STU0262,PS201,90.84,79.2,3,3,0,83.4
STU0262,GEN002,79.86,85.9,3,3,0,78.2
STU0262,DS301,62.67,63.6,3,3,0,67.8
STU0263,BA201,80.14,78.6,3,3,0,76.9
STU0263,PS101,63.7,80.9,2,2,0,69.7
STU0263,GEN002,84.83,87.8,3,3,0,91.1
STU0264,CS101,73.67,87.0,2,2,0,84.5
STU0264,CS201,83.4,88.5,2,2,0,94.4
STU0264,DS301,79.96,94.7,3,1,2,82.6
STU0264,EN301,67.44,70.5,2,2,0,58.1
STU0265,PS301,84.5,74.1,2,1,1,81.0
STU0265,CS101,80.76,55.8,2,2,0,72.9
STU0265,PS201,79.89,73.1,3,3,0,84.5
STU0266,DS201,73.71,54.8,2,2,0,65.7
STU0266,PS101,76.44,59.0,3,3,0,60.1
STU0266,CS201,71.32,53.1,3,3,0,61.4
STU0267,DS101,61.88,49.6,2,2,0,60.1
STU0267,PS101,58.54,54.6,3,2,1,51.4
STU0267,GEN001,60.89,47.4,2,1,1,57.2
STU0267,DS201,65.57,44.5,3,1,2,58.6
STU0268,CS301,74.8,33.2,3,3,0,50.7
STU0268,GEN001,48.76,44.2,3,3,0,41.7
STU0268,EN301,54.08,25.5,3,3,0,46.4
STU0269,EN301,81.18,51.9,3,3,0,69.6
STU0269,EN101,69.78,62.7,3,2,1,69.7
STU0269,PS201,84.42,41.1,3,3,0,67.7
STU0270,EN301,47.21,30.1,2,2,0,46.7
STU0270,GEN001,67.69,45.0,3,3,0,54.7
STU0270,EN101,49.41,13.4,3,3,0,30.6
STU0271,PS301,71.0,66.2,3,3,0,75.9
STU0271,PS201,66.17,75.8,2,2,0,67.7
STU0271,BA301,63.99,66.3,3,3,0,65.1
STU0271,DS301,79.92,58.3,3,3,0,64.3
STU0272,DS101,81.6,54.6,3,3,0,65.3
STU0272,BA201,75.97,41.8,2,2,0,58.6
STU0272,GEN002,72.65,52.4,3,3,0,64.3
STU0273,DS201,95.08,88.7,3,2,1,93.8
STU0273,GEN001,83.29,50.7,2,2,0,86.6
STU0273,CS301,89.89,76.9,3,3,0,85.5
STU0273,GEN002,93.46,58.3,3,2,1,78.3
STU0274,CS101,68.26,52.4,2,1,1,61.1
STU0274,CS301,60.26,56.5,2,2,0,61.3
STU0274,BA301,51.84,61.9,2,2,0,59.9
STU0275,EN201,66.09,45.3,3,2,1,55.5
STU0275,CS301,62.02,45.5,3,2,1,51.6
STU0275,PS201,71.58,30.1,3,3,0,60.9
STU0276,DS201,75.46,53.5,2,2,0,58.2
STU0276,DS301,80.01,49.5,3,3,0,65.2
STU0276,GEN001,83.04,54.7,2,2,0,66.6
STU0277,BA101,54.69,69.2,3,2,1,62.7
STU0277,GEN002,50.8,47.6,2,2,0,46.0
STU0277,DS201,78.78,60.4,2,2,0,68.5
STU0277,BA301,57.39,39.2,3,3,0,50.5
STU0278,EN201,84.4,88.7,3,3,0,81.2
STU0278,DS101,85.32,95.8,2,2,0,87.2
STU0278,CS201,81.45,82.4,2,2,0,81.9
STU0279,DS301,89.39,66.9,3,3,0,75.2
STU0279,GEN001,72.6,64.3,3,3,0,73.9
STU0279,BA101,88.02,69.7,3,3,0,85.3
STU0279,EN201,81.39,62.6,2,2,0,79.0
STU0280,CS201,65.4,57.8,2,2,0,63.1
STU0280,BA101,72.64,65.2,3,3,0,71.0
STU0280,PS301,69.18,45.7,3,3,0,57.7
STU0280,CS301,92.1,61.6,2,2,0,82.1
STU0281,EN301,95.14,94.2,3,3,0,99.2
STU0281,CS101,76.77,95.8,3,3,0,85.0
STU0281,BA301,98.81,77.6,2,2,0,91.1
STU0281,DS101,84.85,100.0,3,3,0,89.0
STU0282,CS301,63.01,66.8,3,3,0,69.7
STU0282,GEN001,67.14,50.0,2,2,0,62.9
STU0282,BA301,53.84,57.9,2,2,0,61.4
STU0282,EN101,57.2,73.1,3,3,0,69.4
STU0283,DS301,75.43,66.1,3,3,0,70.1
STU0283,CS101,76.88,64.5,2,2,0,69.1
STU0283,BA201,77.23,69.9,3,2,1,74.2
STU0283,GEN002,83.86,84.4,3,3,0,90.8
STU0284,DS101,70.69,62.9,2,2,0,70.3
STU0284,DS301,85.02,73.3,3,3,0,80.6
STU0284,PS201,76.69,75.3,2,2,0,76.0
STU0284,EN301,78.3,66.8,3,3,0,66.2
STU0285,CS201,59.72,24.4,3,3,0,37.8
STU0285,BA201,51.47,32.5,3,2,1,38.2
STU0285,CS301,31.02,24.2,3,1,2,23.3
STU0285,PS201,46.47,40.0,3,3,0,46.9
STU0286,BA301,82.25,65.2,3,3,0,73.1
STU0286,CS101,80.07,57.0,2,2,0,64.3
STU0286,PS101,87.75,68.6,3,3,0,89.4
STU0287,DS101,77.1,75.9,2,2,0,78.2
STU0287,DS301,76.87,86.1,3,3,0,86.7
STU0287,DS201,96.75,73.8,2,2,0,85.9
STU0288,CS301,94.47,49.3,3,2,1,74.3
STU0288,DS101,54.65,39.7,2,1,1,49.1
STU0288,CS201,78.64,44.9,3,3,0,65.9
STU0288,EN201,64.01,41.5,3,3,0,57.8
STU0289,DS201,62.76,61.3,2,1,1,61.1
STU0289,EN301,64.06,62.0,3,3,0,65.6
STU0289,BA201,67.02,49.7,3,3,0,50.3
STU0290,EN201,74.68,93.3,3,3,0,84.0
STU0290,GEN002,82.77,81.2,2,2,0,81.3
STU0290,PS101,99.12,74.5,3,3,0,86.8
STU0290,EN301,85.2,79.1,2,2,0,69.1
STU0291,BA201,62.33,78.1,3,3,0,63.4
STU0291,CS201,86.19,56.2,3,2,1,63.0
STU0291,BA101,77.7,55.4,2,2,0,68.4
STU0291,GEN002,81.25,40.2,3,3,0,64.7
STU0292,CS101,82.58,76.5,2,1,1,75.2
STU0292,DS201,89.5,73.8,3,3,0,86.1
STU0292,CS301,100.0,70.0,3,3,0,86.7
STU0293,EN301,57.86,59.6,2,2,0,62.4
STU0293,CS301,69.18,89.6,3,3,0,72.9
STU0293,GEN001,73.06,64.5,2,2,0,66.1
STU0294,DS101,63.03,41.6,2,2,0,54.6
STU0294,GEN002,72.01,41.9,3,3,0,60.7
STU0294,BA101,68.64,34.3,3,3,0,57.5
STU0294,DS301,64.38,49.7,2,2,0,57.4
STU0295,DS201,70.54,83.6,3,3,0,73.3
STU0295,PS301,92.21,86.7,2,2,0,82.2
STU0295,EN101,78.88,78.5,3,3,0,78.2
STU0296,DS101,97.63,65.1,3,3,0,88.4
STU0296,BA201,90.24,66.4,3,3,0,74.4
STU0296,DS201,87.71,56.0,2,2,0,88.0
STU0296,CS201,81.84,57.1,3,3,0,77.7
STU0297,DS101,61.37,57.5,3,3,0,60.6
STU0297,EN301,60.65,67.7,3,3,0,62.5
STU0297,PS201,47.28,64.3,3,3,0,58.3
STU0298,CS301,70.56,66.1,3,3,0,69.0
STU0298,PS101,75.84,65.1,3,3,0,73.0
STU0298,EN101,84.49,56.3,3,3,0,71.1
STU0298,GEN001,69.39,63.3,2,2,0,65.2
STU0299,CS201,90.49,92.2,3,3,0,93.9
STU0299,PS101,78.72,100.0,3,3,0,81.8
STU0299,CS101,87.82,78.6,2,2,0,81.3
STU0300,DS201,63.75,33.4,3,2,1,49.1
STU0300,GEN001,49.07,55.5,3,1,2,56.8
STU0300,CS101,62.04,31.4,3,3,0,46.6
STU0301,PS101,80.43,62.3,3,3,0,72.2
STU0301,PS301,84.7,68.7,3,3,0,72.2
STU0301,GEN002,68.18,76.5,3,2,1,77.0
STU0301,CS201,67.65,82.0,3,3,0,81.9
STU0302,CS201,57.99,38.1,2,1,1,48.3
STU0302,CS301,48.75,59.0,3,2,1,51.2
STU0302,GEN001,58.94,37.3,2,2,0,49.5
STU0303,CS201,64.64,7.3,2,2,0,44.3
STU0303,DS201,77.22,24.9,2,2,0,52.2
STU0303,PS301,70.42,14.0,3,3,0,53.3
STU0303,DS301,76.07,23.1,3,2,1,57.7
STU0304,PS201,61.6,44.9,2,1,1,57.2
STU0304,CS301,73.01,55.7,3,3,0,60.4
STU0304,PS101,68.32,58.9,2,1,1,64.4
STU0305,CS101,73.33,65.7,3,2,1,71.4
STU0305,BA101,94.52,77.7,3,2,1,90.2
STU0305,GEN001,89.85,73.7,3,3,0,88.1
STU0306,EN101,83.46,63.1,3,3,0,75.0
STU0306,DS201,65.93,74.6,2,2,0,79.4
STU0306,PS301,78.82,66.2,3,3,0,73.9
STU0307,EN301,83.21,69.2,3,3,0,79.7
STU0307,PS101,74.01,63.0,2,2,0,72.3
STU0307,DS101,92.1,62.7,3,3,0,77.1
STU0307,GEN002,79.94,71.1,3,3,0,81.7
STU0308,BA201,62.72,45.3,3,3,0,59.9
STU0308,CS201,64.76,51.1,2,2,0,65.7
STU0308,GEN002,68.61,50.1,2,2,0,71.6
STU0308,BA301,65.12,42.6,2,0,2,57.8
STU0309,BA301,48.72,52.9,3,3,0,43.3
STU0309,BA101,45.56,29.0,2,1,1,38.4
STU0309,CS301,61.96,30.5,3,2,1,47.0
STU0309,DS201,55.72,39.7,2,1,1,48.3
STU0310,DS101,56.39,53.2,3,2,1,52.2
STU0310,PS101,67.15,44.3,2,2,0,57.5
STU0310,PS301,50.96,40.0,3,3,0,55.9
STU0310,BA101,57.95,43.6,3,2,1,53.5
STU0311,BA201,80.93,54.9,3,3,0,69.9
STU0311,BA301,90.9,70.9,2,2,0,88.3
STU0311,DS101,77.47,64.8,2,2,0,69.5
STU0311,GEN001,82.82,69.7,2,2,0,73.1
STU0312,EN101,61.77,42.0,2,2,0,61.2
STU0312,CS101,65.94,62.0,3,3,0,70.5
STU0312,PS101,59.62,44.8,3,2,1,52.4
STU0313,PS101,68.6,24.3,2,2,0,51.9
STU0313,GEN002,67.06,37.6,3,3,0,57.5
STU0313,CS101,61.54,18.9,2,2,0,37.9
STU0313,DS101,61.66,27.6,3,2,1,36.6
STU0314,CS301,80.5,43.2,2,2,0,71.1
STU0314,GEN002,66.21,39.1,3,3,0,43.2
STU0314,DS201,57.47,31.9,3,2,1,44.0
STU0314,CS201,61.49,45.1,3,3,0,59.5
STU0315,CS301,58.91,20.8,2,2,0,47.7
STU0315,GEN002,69.22,42.0,3,3,0,63.0
STU0315,GEN001,61.55,22.3,3,2,1,47.0
STU0316,BA301,62.76,75.1,3,2,1,72.0
STU0316,BA101,76.14,52.0,3,3,0,64.7
STU0316,EN101,63.56,64.2,3,2,1,68.0
STU0317,BA301,47.33,65.6,3,3,0,55.3
STU0317,PS201,63.82,43.2,2,2,0,49.1
STU0317,BA201,55.81,49.1,2,1,1,59.0
STU0318,DS101,77.29,85.5,2,2,0,87.4
STU0318,CS201,85.49,86.0,3,3,0,78.9
STU0318,PS101,100.0,79.7,3,3,0,94.0
STU0318,CS301,100.0,85.8,3,3,0,89.5
STU0319,BA101,75.76,61.1,2,1,1,82.2
STU0319,GEN002,73.97,58.4,3,3,0,64.7
STU0319,PS301,72.86,49.7,3,3,0,68.4
STU0320,BA301,58.87,50.3,2,1,1,54.8
STU0320,DS101,66.57,48.7,3,2,1,58.3
STU0320,EN301,46.63,59.5,3,2,1,53.3
STU0320,EN101,58.79,56.5,3,2,1,54.6
STU0321,BA101,70.64,32.2,3,3,0,61.4
STU0321,PS201,83.46,17.9,3,3,0,58.3
STU0321,GEN002,48.84,38.9,2,2,0,49.2
STU0322,PS301,96.36,80.7,3,3,0,96.3
STU0322,EN301,83.08,79.7,3,3,0,85.1
STU0322,GEN002,88.69,91.3,3,3,0,82.5
STU0323,EN301,83.9,66.6,2,2,0,79.2
STU0323,EN201,75.72,55.4,2,2,0,72.7
STU0323,GEN002,80.67,73.6,3,3,0,80.1
STU0324,CS301,61.63,71.9,3,3,0,66.2
STU0324,GEN002,79.73,60.7,2,2,0,79.1
STU0324,BA201,72.74,70.3,3,2,1,76.7
STU0325,EN101,93.95,76.4,3,3,0,85.9
STU0325,DS101,96.44,86.1,2,1,1,84.9
STU0325,GEN001,100.0,98.5,2,2,0,97.9
STU0326,CS101,89.33,95.6,3,3,0,91.1
STU0326,CS201,96.0,86.2,3,2,1,93.1
STU0326,GEN001,92.15,87.7,2,2,0,90.6
STU0327,CS101,66.98,100.0,3,3,0,80.9
STU0327,CS201,92.91,96.6,3,2,1,87.8
STU0327,EN201,85.57,89.4,3,3,0,87.9
STU0328,BA201,84.31,68.7,3,1,2,70.8
STU0328,PS301,78.73,72.4,3,3,0,75.8
STU0328,PS201,94.49,68.3,3,3,0,77.5
STU0328,BA101,79.94,81.9,3,3,0,86.3
STU0329,CS301,66.6,64.4,3,2,1,71.2
STU0329,PS301,74.42,41.1,3,2,1,62.7
STU0329,GEN002,58.48,55.1,3,2,1,51.9
STU0330,PS201,76.77,61.8,3,2,1,75.9
STU0330,CS201,78.26,36.0,2,2,0,62.7
STU0330,PS301,66.47,60.0,3,3,0,69.3
STU0330,BA301,68.17,60.0,3,3,0,54.2
STU0331,CS201,85.56,78.1,2,2,0,82.2
STU0331,GEN002,78.96,59.3,2,2,0,67.6
STU0331,EN101,77.18,69.9,2,2,0,70.9
STU0331,PS101,72.35,64.4,3,1,2,71.4
STU0332,EN101,62.09,68.3,3,3,0,65.5
STU0332,PS101,68.6,61.6,3,3,0,58.3
STU0332,GEN002,66.65,48.5,3,3,0,58.3
STU0332,CS101,78.07,62.0,3,3,0,74.5
STU0333,DS201,64.25,49.7,2,2,0,56.4
STU0333,PS101,67.03,39.7,3,3,0,52.7
STU0333,DS101,48.07,56.3,2,2,0,49.3
STU0334,EN101,64.7,69.7,3,3,0,65.9
STU0334,GEN001,82.23,76.5,3,3,0,73.9
STU0334,GEN002,81.95,60.5,3,3,0,71.0
STU0335,PS101,55.31,33.2,2,1,1,41.9
STU0335,GEN001,74.66,49.4,3,3,0,69.7
STU0335,EN101,71.97,60.4,3,2,1,72.6
STU0336,BA201,70.97,71.8,2,2,0,80.3
STU0336,CS201,89.49,78.5,2,2,0,92.2
STU0336,DS301,80.37,59.3,3,2,1,76.0
STU0336,GEN002,75.96,70.5,2,1,1,62.3
STU0337,PS301,92.34,80.7,3,3,0,79.7
STU0337,DS101,82.72,100.0,3,3,0,82.5
STU0337,CS201,100.0,100.0,3,3,0,99.6
STU0338,DS101,40.52,16.7,2,1,1,33.4
STU0338,CS201,50.07,24.2,2,2,0,44.2
STU0338,EN101,56.19,26.5,2,2,0,40.4
STU0338,EN201,49.07,27.7,3,3,0,43.3
STU0339,BA301,75.18,65.5,3,3,0,73.4
STU0339,GEN001,89.2,65.0,3,3,0,86.4
STU0339,DS201,73.13,70.5,3,3,0,68.7
STU0339,BA101,93.5,60.2,2,2,0,83.0
STU0340,DS101,96.68,68.5,3,3,0,78.5
STU0340,EN201,65.22,83.0,2,2,0,75.3
STU0340,DS301,71.94,71.1,3,3,0,73.9
STU0340,CS301,65.43,75.4,2,1,1,68.9
STU0341,PS101,98.85,60.3,2,2,0,78.3
STU0341,DS101,80.59,37.1,3,3,0,60.4
STU0341,DS201,78.18,48.4,2,1,1,64.6
STU0341,PS201,80.74,42.9,2,2,0,54.5
STU0342,BA101,72.49,50.6,3,3,0,66.5
STU0342,PS101,86.01,50.1,2,2,0,62.1
STU0342,GEN002,74.58,57.3,3,3,0,69.3
STU0343,BA101,75.81,48.8,2,1,1,70.3
STU0343,EN201,76.05,71.9,2,2,0,71.3
STU0343,PS201,87.49,55.4,3,3,0,80.9
STU0344,DS301,86.1,68.2,2,2,0,76.5
STU0344,DS201,89.11,65.4,2,2,0,80.6
STU0344,CS201,73.16,81.3,3,3,0,68.2
STU0344,DS101,77.2,80.5,2,2,0,73.0
STU0345,DS301,54.96,31.6,2,2,0,40.7
STU0345,PS101,57.41,51.6,3,3,0,55.7
STU0345,GEN001,42.88,52.0,3,1,2,49.8
STU0345,DS101,66.42,42.0,3,2,1,63.8
STU0346,CS101,75.53,36.3,2,2,0,61.9
STU0346,PS301,73.91,62.0,2,2,0,67.9
STU0346,EN301,86.04,60.2,3,3,0,78.9
STU0346,PS201,76.02,55.2,3,3,0,63.7
STU0347,PS101,75.14,56.1,3,2,1,64.7
STU0347,DS201,61.44,55.2,3,3,0,62.2
STU0347,GEN001,71.92,51.5,2,2,0,63.4
STU0348,BA301,79.16,61.9,3,3,0,77.9
STU0348,EN101,80.89,51.6,2,2,0,66.9
STU0348,BA101,68.02,67.1,3,3,0,66.0
STU0348,GEN002,90.78,64.1,3,3,0,81.7
STU0349,BA101,69.53,61.1,2,2,0,63.0
STU0349,BA201,48.4,61.3,3,3,0,51.4
STU0349,GEN001,49.62,42.5,3,2,1,50.3
STU0349,CS301,62.25,97.0,3,3,0,78.2
STU0350,BA301,64.01,78.9,2,2,0,67.4
STU0350,PS101,51.03,68.9,3,1,2,70.4
STU0350,PS301,60.77,76.1,2,2,0,69.2
STU0350,GEN001,61.04,62.4,3,3,0,59.8
STU0351,EN201,53.11,34.7,3,2,1,44.1
STU0351,CS301,75.18,58.3,3,2,1,64.1
STU0351,GEN002,68.49,29.7,3,3,0,57.6
STU0351,EN101,54.97,38.9,3,3,0,57.1
STU0352,CS301,77.31,56.3,2,2,0,64.5
STU0352,BA101,75.39,76.5,3,3,0,71.5
STU0352,CS201,76.3,68.8,3,3,0,69.7
STU0352,CS101,75.8,75.7,3,3,0,75.8
STU0353,CS301,70.97,78.9,3,3,0,82.1
STU0353,DS101,79.23,74.6,3,3,0,84.7
STU0353,GEN002,64.74,94.4,3,3,0,79.1
STU0353,CS101,63.81,79.5,2,2,0,66.1
STU0354,PS201,100.0,90.3,3,3,0,98.9
STU0354,PS301,99.17,98.2,3,3,0,91.3
STU0354,PS101,99.76,89.0,2,2,0,100.0
STU0355,CS301,95.87,100.0,3,3,0,100.0
STU0355,BA101,90.69,100.0,3,2,1,88.6
STU0355,DS301,98.35,99.2,2,2,0,88.6
STU0356,PS201,70.01,24.2,3,3,0,59.1
STU0356,EN301,60.89,24.7,2,2,0,53.0
STU0356,CS101,61.48,46.3,3,3,0,48.2
STU0357,EN301,80.11,65.0,3,3,0,79.3
STU0357,BA301,83.07,89.2,2,2,0,89.0
STU0357,DS301,89.29,78.6,2,2,0,82.8
STU0358,DS301,84.5,75.0,3,3,0,82.0
STU0358,DS101,97.61,92.3,3,3,0,93.5
STU0358,GEN002,89.14,82.5,3,3,0,79.4
STU0358,GEN001,92.63,83.9,3,3,0,89.8
STU0359,EN101,56.88,45.0,3,2,1,52.0
STU0359,GEN002,86.02,54.0,3,3,0,75.7
STU0359,PS201,78.69,41.8,2,2,0,61.4
STU0360,BA201,94.56,87.6,3,3,0,100.0
STU0360,GEN001,94.37,61.1,2,2,0,76.2
STU0360,PS301,86.33,69.4,2,1,1,80.6
STU0361,DS301,75.1,63.6,2,2,0,62.1
STU0361,DS101,79.28,65.2,3,3,0,72.6
STU0361,DS201,75.93,66.2,2,2,0,73.8
STU0361,EN301,66.82,75.3,3,3,0,69.8
STU0362,DS301,69.81,54.8,3,3,0,70.5
STU0362,CS301,69.47,56.1,3,2,1,66.8
STU0362,GEN002,62.3,63.6,3,3,0,51.2
STU0362,DS101,72.76,46.6,2,2,0,63.3
STU0363,PS201,67.81,77.1,3,3,0,64.3
STU0363,GEN002,67.72,76.8,3,3,0,75.4
STU0363,EN301,70.81,72.3,3,2,1,71.6
STU0363,EN101,69.35,82.9,2,2,0,68.2
STU0364,CS101,90.61,71.5,3,3,0,84.4
STU0364,GEN001,86.87,76.2,3,3,0,85.5
STU0364,DS101,86.1,76.6,3,3,0,84.2
STU0364,DS201,77.0,74.9,2,2,0,81.3
STU0365,DS101,79.62,66.4,2,2,0,77.9
STU0365,PS201,75.56,46.6,2,2,0,64.4
STU0365,CS101,67.36,54.4,3,3,0,54.6
STU0365,GEN001,77.7,69.5,3,3,0,67.0
STU0366,PS101,60.63,60.2,3,3,0,66.7
STU0366,CS301,49.52,68.0,3,1,2,62.4
STU0366,DS301,56.47,53.4,3,3,0,57.5
STU0367,BA301,87.8,74.9,3,3,0,86.8
STU0367,PS101,93.86,81.6,3,3,0,86.1
STU0367,GEN002,99.17,84.1,2,2,0,93.0
STU0368,BA201,69.25,63.0,2,2,0,63.1
STU0368,BA101,70.38,64.7,2,2,0,67.0
STU0368,CS301,67.01,59.0,3,3,0,59.0
STU0369,PS101,90.73,85.3,3,3,0,80.9
STU0369,PS201,79.07,84.9,2,2,0,89.2
STU0369,DS101,100.0,75.0,3,3,0,95.7
STU0369,CS201,86.19,79.6,3,3,0,86.8
STU0370,DS201,70.85,38.8,2,2,0,62.8
STU0370,PS301,66.46,31.4,3,3,0,51.9
STU0370,PS201,62.51,64.8,3,2,1,70.6
STU0371,DS301,76.77,72.1,2,1,1,81.1
STU0371,DS201,76.45,79.9,3,2,1,81.8
STU0371,BA301,83.01,85.6,3,3,0,90.1
STU0371,EN201,83.03,67.4,3,2,1,79.7
STU0372,PS101,74.16,65.1,2,2,0,61.2
STU0372,EN101,74.19,78.5,3,3,0,78.9
STU0372,CS201,59.31,63.1,3,2,1,63.9
STU0372,PS201,60.54,72.1,2,1,1,70.3
STU0373,BA201,92.54,80.6,3,3,0,91.8
STU0373,GEN002,97.66,64.2,2,2,0,83.2
STU0373,GEN001,99.8,77.7,3,3,0,82.0
STU0374,BA301,71.24,55.9,2,2,0,59.3
STU0374,GEN002,64.32,61.9,3,3,0,61.0
STU0374,DS201,76.74,47.9,3,3,0,61.0
STU0375,DS301,82.36,67.3,2,2,0,78.7
STU0375,PS101,68.76,55.3,3,1,2,64.9
STU0375,DS201,74.73,73.3,2,2,0,72.6
STU0375,CS301,63.45,58.7,3,2,1,53.7
STU0376,CS101,77.17,78.5,3,3,0,76.0
STU0376,CS301,74.56,77.5,2,2,0,78.8
STU0376,CS201,72.74,75.8,3,2,1,67.7
STU0377,DS201,65.78,61.9,3,3,0,57.9
STU0377,DS101,63.13,72.6,2,2,0,66.6
STU0377,GEN001,66.3,61.5,2,1,1,58.9
STU0378,BA301,87.73,45.9,3,3,0,70.4
STU0378,DS301,83.82,59.4,2,2,0,69.3
STU0378,GEN002,84.66,49.9,3,3,0,76.3
STU0379,CS301,62.26,38.9,3,2,1,41.8
STU0379,CS201,45.08,46.6,3,2,1,47.2
STU0379,DS301,64.94,43.9,3,2,1,56.8
STU0379,BA201,58.98,40.7,2,2,0,47.2
STU0380,CS101,86.01,86.3,3,3,0,82.7
STU0380,GEN001,70.8,72.8,2,2,0,65.7
STU0380,DS201,73.23,63.6,3,2,1,71.9
STU0380,EN301,80.95,54.0,2,2,0,66.6
STU0381,CS301,66.88,67.8,2,2,0,63.2
STU0381,DS301,74.45,62.5,2,2,0,73.5
STU0381,BA201,71.44,48.8,3,3,0,71.8
STU0381,CS201,80.59,55.1,3,3,0,69.7
STU0382,PS101,38.73,23.3,3,2,1,32.3
STU0382,DS301,55.53,26.4,3,2,1,38.9
STU0382,PS301,45.38,11.2,3,2,1,29.1
STU0383,DS301,63.81,47.5,2,2,0,60.3
STU0383,PS101,72.53,57.2,2,2,0,68.6
STU0383,DS101,64.7,43.5,3,3,0,54.9
STU0384,DS301,72.89,78.4,3,2,1,73.4
STU0384,PS101,68.38,94.8,3,2,1,73.8
STU0384,GEN001,60.38,100.0,2,2,0,74.7
STU0384,PS201,74.65,85.3,2,2,0,80.2
STU0385,BA101,67.13,36.3,3,3,0,57.4
STU0385,GEN001,54.28,54.4,3,3,0,54.5
STU0385,BA201,57.1,38.5,3,3,0,45.1
STU0385,PS201,49.98,38.5,2,1,1,41.8
STU0386,BA101,86.99,92.1,3,3,0,88.7
STU0386,GEN002,92.81,86.8,3,3,0,85.0
STU0386,BA301,88.86,82.5,3,2,1,95.6
STU0387,DS201,63.11,51.5,2,1,1,60.4
STU0387,PS201,47.81,36.0,2,2,0,36.2
STU0387,GEN001,65.9,42.1,3,2,1,58.6
STU0388,CS301,88.37,59.7,3,3,0,72.5
STU0388,CS201,88.94,68.8,2,2,0,80.2
STU0388,DS301,92.72,39.9,3,3,0,62.6
STU0389,PS301,67.1,35.8,2,2,0,46.4
STU0389,PS201,69.3,32.4,2,1,1,54.5
STU0389,DS301,61.67,27.0,3,3,0,49.3
STU0389,GEN002,68.56,49.3,3,3,0,63.5
STU0390,BA201,87.53,82.4,3,3,0,88.3
STU0390,GEN001,96.97,58.8,3,3,0,82.3
STU0390,DS201,97.85,82.1,2,1,1,100.0
STU0391,PS301,52.48,46.3,2,2,0,57.0
STU0391,GEN001,43.27,45.2,3,2,1,41.6
STU0391,BA301,49.36,56.0,2,2,0,47.9
STU0391,CS201,49.34,56.2,3,1,2,46.0
STU0392,DS101,97.53,73.2,2,2,0,88.7
STU0392,GEN001,100.0,79.4,2,2,0,95.2
STU0392,DS301,91.32,72.2,3,2,1,88.9
STU0393,PS101,79.32,64.3,3,3,0,78.6
STU0393,DS101,66.64,43.9,3,3,0,56.1
STU0393,GEN001,58.22,36.1,3,2,1,49.4
STU0394,PS101,81.91,59.2,3,3,0,71.2
STU0394,BA301,71.46,74.3,2,1,1,76.2
STU0394,BA201,69.72,45.7,3,3,0,55.6
STU0394,CS301,69.21,52.6,2,2,0,59.4
STU0395,CS301,62.03,21.0,2,2,0,44.8
STU0395,CS201,62.05,38.1,3,3,0,53.4
STU0395,EN301,50.43,39.6,3,3,0,50.0
STU0396,PS101,78.7,68.7,2,2,0,76.3
STU0396,EN201,70.67,41.5,3,3,0,50.7
STU0396,BA301,67.31,29.2,3,3,0,56.2
STU0397,PS201,76.81,47.9,3,2,1,64.4
STU0397,CS101,64.27,45.7,3,3,0,53.6
STU0397,PS301,88.97,34.6,3,3,0,59.1
STU0398,DS301,73.04,45.4,2,2,0,59.3
STU0398,DS101,90.88,33.2,3,3,0,69.1
STU0398,DS201,68.75,53.4,3,3,0,58.8
STU0398,PS301,68.04,41.3,2,2,0,66.1
STU0399,PS101,75.32,31.3,3,3,0,56.9
STU0399,GEN002,64.54,46.2,3,2,1,50.8
STU0399,BA301,83.26,51.3,3,3,0,68.2
STU0399,BA201,50.52,10.9,3,2,1,31.1
STU0400,EN101,67.09,59.8,3,3,0,57.9
STU0400,GEN001,71.07,59.8,2,2,0,66.7
STU0400,EN201,74.71,55.9,2,2,0,74.7
STU0400,BA301,81.98,52.9,2,1,1,78.4
STU0401,DS201,74.07,50.8,2,2,0,67.4
STU0401,GEN002,53.69,46.2,3,2,1,41.9
STU0401,CS101,71.58,59.7,3,3,0,79.6
STU0402,EN301,78.46,68.9,2,2,0,69.7
STU0402,BA301,72.21,67.0,3,3,0,69.8
STU0402,CS201,90.01,60.1,2,2,0,79.2
STU0402,CS301,64.84,71.3,3,3,0,67.2
STU0403,DS101,61.44,54.6,3,3,0,56.9
STU0403,GEN002,66.59,52.1,2,2,0,57.6
STU0403,GEN001,77.36,57.3,3,3,0,67.9
STU0404,PS301,91.46,61.6,3,3,0,84.1
STU0404,CS101,69.42,85.8,3,3,0,66.5
STU0404,PS201,66.0,82.6,2,2,0,77.3
STU0405,EN301,61.96,70.5,3,2,1,60.2
STU0405,EN201,79.39,61.0,2,2,0,77.1
STU0405,GEN001,64.16,54.3,2,2,0,60.3
STU0406,CS101,92.26,100.0,2,2,0,91.1
STU0406,CS201,95.58,75.7,2,2,0,85.6
STU0406,DS201,86.34,80.5,3,3,0,89.3
STU0407,DS301,69.91,66.4,3,3,0,74.1
STU0407,GEN001,65.77,63.4,3,3,0,57.2
STU0407,GEN002,66.62,46.4,3,3,0,63.1
STU0407,DS101,74.62,62.1,3,3,0,73.0
STU0408,CS201,51.55,23.1,3,2,1,40.7
STU0408,PS201,52.53,38.8,3,1,2,45.9
STU0408,EN101,60.48,32.9,3,3,0,48.6
STU0408,GEN002,58.93,47.1,3,3,0,46.9
STU0409,EN301,77.22,96.2,2,1,1,78.3
STU0409,EN201,87.01,78.9,3,3,0,87.6
STU0409,GEN001,95.12,100.0,3,3,0,94.9
STU0409,DS301,81.37,72.2,2,2,0,78.0
STU0410,CS201,91.49,71.5,3,3,0,81.9
STU0410,GEN002,89.3,63.5,2,2,0,79.5
STU0410,EN101,100.0,75.9,3,3,0,97.1
STU0410,DS101,96.59,76.2,3,3,0,84.2
STU0411,DS201,100.0,66.1,2,2,0,99.8
STU0411,GEN001,96.94,65.3,3,3,0,82.1
STU0411,GEN002,92.51,66.5,2,2,0,85.0
STU0411,DS301,91.89,60.0,3,3,0,78.8
STU0412,EN101,86.73,82.7,3,3,0,85.2
STU0412,EN301,80.35,80.3,3,3,0,90.0
STU0412,PS101,75.73,81.7,2,2,0,77.7
STU0412,DS201,89.73,78.5,3,3,0,81.3
STU0413,CS101,100.0,98.5,2,2,0,100.0
STU0413,EN101,97.56,98.4,3,3,0,98.7
STU0413,CS301,100.0,84.5,3,3,0,95.7
STU0414,EN201,63.1,40.0,3,3,0,58.7
STU0414,DS101,57.31,57.2,3,3,0,59.6
STU0414,BA201,58.52,43.5,3,3,0,54.2
STU0414,DS301,67.82,56.4,2,2,0,69.5
STU0415,PS301,63.84,52.8,3,3,0,61.8
STU0415,PS101,74.34,61.5,2,2,0,70.7
STU0415,EN201,71.52,75.2,2,2,0,71.3
STU0415,BA101,79.88,65.9,3,3,0,71.7
STU0416,BA301,82.11,89.0,3,2,1,89.7
STU0416,GEN001,88.54,86.3,3,3,0,96.3
STU0416,EN201,77.54,73.3,3,3,0,83.5
STU0417,CS201,91.1,88.1,3,2,1,90.1
STU0417,DS301,73.5,93.6,3,3,0,75.7
STU0417,CS301,100.0,56.2,3,3,0,80.5
STU0418,EN201,61.27,67.9,3,3,0,75.8
STU0418,BA101,63.91,49.2,3,3,0,56.0
STU0418,EN301,70.38,49.8,2,2,0,60.2
STU0419,EN301,73.13,40.1,2,2,0,57.8
STU0419,GEN002,64.28,43.8,3,3,0,51.7
STU0419,PS301,73.35,24.0,2,2,0,44.5
STU0419,EN101,48.88,41.5,3,3,0,48.8
STU0420,EN201,60.29,37.4,2,1,1,51.4
STU0420,GEN001,66.41,47.0,2,2,0,56.3
STU0420,CS101,55.4,48.9,3,2,1,54.2
STU0421,BA201,76.18,70.5,3,2,1,65.7
STU0421,BA101,68.4,79.5,3,3,0,71.4
STU0421,EN301,76.9,86.9,2,2,0,84.4
STU0422,PS301,76.42,64.1,3,3,0,71.9
STU0422,PS101,82.21,78.6,2,2,0,83.6
STU0422,DS301,67.77,68.8,3,2,1,63.3
STU0422,PS201,87.98,75.6,2,2,0,78.9
STU0423,PS301,81.6,78.1,3,2,1,77.9
STU0423,PS101,76.52,84.8,3,3,0,77.7
STU0423,GEN001,79.09,85.4,3,3,0,90.0
STU0424,CS201,72.22,73.5,3,3,0,67.3
STU0424,BA101,84.46,51.2,3,3,0,70.7
STU0424,GEN001,71.66,66.9,2,2,0,69.5
STU0425,EN301,66.63,49.8,2,2,0,53.9
STU0425,CS301,64.8,36.0,2,2,0,55.8
STU0425,BA201,58.64,41.8,2,2,0,51.4
STU0426,PS101,59.92,80.6,2,1,1,76.8
STU0426,GEN002,60.58,70.6,3,3,0,60.3
STU0426,BA201,69.62,61.7,3,3,0,59.9
STU0426,EN301,63.71,53.1,2,2,0,56.1
STU0427,CS201,76.38,65.7,3,3,0,71.7
STU0427,BA301,62.29,65.7,3,2,1,61.2
STU0427,CS301,63.42,46.6,3,2,1,62.5
STU0428,BA101,76.62,64.8,3,3,0,77.2
STU0428,BA201,69.34,69.7,3,3,0,66.9
STU0428,DS101,75.26,78.0,3,2,1,74.6
STU0429,EN301,93.94,85.5,2,2,0,96.5
STU0429,EN101,96.38,60.8,3,3,0,87.5
STU0429,BA101,98.1,83.3,2,2,0,97.4
STU0430,EN201,79.71,59.9,2,2,0,73.8
STU0430,DS101,100.0,71.0,2,2,0,97.4
STU0430,EN101,93.11,70.4,2,2,0,82.6
STU0431,EN101,85.36,80.0,3,3,0,86.8
STU0431,BA301,88.17,81.2,2,2,0,80.5
STU0431,CS301,78.47,68.0,3,3,0,68.1
STU0432,PS201,87.49,78.5,3,3,0,77.6
STU0432,PS101,89.42,81.1,3,3,0,84.3
STU0432,GEN002,82.16,66.8,2,2,0,78.2
STU0432,EN101,93.59,59.6,3,3,0,71.3
STU0433,BA301,51.6,38.0,3,3,0,45.0
STU0433,CS101,45.57,43.4,3,1,2,42.3
STU0433,PS301,52.7,32.3,2,2,0,36.5
STU0433,BA101,39.76,30.7,3,2,1,42.5
STU0434,BA101,80.68,56.1,3,3,0,69.5
STU0434,CS201,86.14,73.8,3,3,0,77.9
STU0434,CS101,86.25,80.2,3,3,0,76.3
STU0434,BA301,78.16,72.6,3,3,0,72.6
STU0435,PS101,98.82,57.2,3,3,0,83.0
STU0435,GEN002,83.24,69.1,3,3,0,87.4
STU0435,PS301,67.98,68.6,2,2,0,66.4
STU0436,DS301,69.38,61.6,3,3,0,67.8
STU0436,EN201,76.42,64.4,3,3,0,73.1
STU0436,GEN002,67.15,64.7,3,3,0,71.1
STU0437,EN101,55.69,53.9,2,2,0,59.0
STU0437,GEN002,77.44,63.1,3,2,1,79.1
STU0437,EN301,75.35,55.5,3,3,0,74.6
STU0437,CS301,70.27,63.2,2,2,0,63.4
STU0438,CS301,85.43,65.4,3,3,0,73.6
STU0438,CS101,69.58,76.1,2,2,0,77.5
STU0438,BA101,66.19,64.9,2,2,0,60.9
STU0439,BA301,100.0,94.6,2,2,0,100.0
STU0439,GEN001,89.56,92.8,2,2,0,96.1
STU0439,CS101,74.91,68.8,2,2,0,73.0
STU0439,EN301,96.51,74.0,3,3,0,88.2
STU0440,DS101,89.04,58.2,2,2,0,76.4
STU0440,GEN001,80.68,77.3,3,3,0,80.5
STU0440,GEN002,100.0,64.2,3,3,0,81.0
STU0441,EN201,100.0,98.9,3,3,0,89.8
STU0441,GEN001,92.67,74.8,2,2,0,89.1
STU0441,PS301,100.0,100.0,3,3,0,100.0
STU0442,EN101,86.96,97.4,2,2,0,93.2
STU0442,EN301,91.43,90.9,3,3,0,87.5
STU0442,DS101,87.35,78.3,3,3,0,86.3
STU0443,EN201,78.3,81.3,3,3,0,83.7
STU0443,GEN002,81.29,76.6,3,3,0,70.8
STU0443,GEN001,73.83,91.7,3,3,0,92.6
STU0444,EN101,77.25,67.9,3,3,0,80.5
STU0444,GEN001,85.2,87.1,3,3,0,88.5
STU0444,EN201,97.13,57.4,2,2,0,83.3
STU0444,BA201,88.96,57.5,3,3,0,75.9
STU0445,CS101,93.18,86.6,3,3,0,96.5
STU0445,GEN002,88.92,85.6,2,2,0,90.1
STU0445,BA101,98.9,68.6,3,3,0,88.2
STU0445,PS101,100.0,84.9,3,3,0,89.3
STU0446,CS201,80.83,93.7,3,3,0,94.5
STU0446,DS201,74.7,100.0,3,2,1,76.4
STU0446,GEN001,88.19,100.0,2,2,0,99.5
STU0446,PS101,81.62,95.4,2,2,0,91.4
STU0447,PS301,56.16,48.2,2,2,0,65.1
STU0447,BA201,56.66,51.2,2,2,0,42.4
STU0447,PS201,56.49,51.9,3,3,0,55.8
STU0448,BA301,77.31,86.4,2,2,0,72.1
STU0448,DS301,77.7,80.3,2,2,0,83.3
STU0448,EN201,85.65,100.0,3,3,0,96.8
STU0448,BA101,78.57,74.2,3,3,0,71.5
STU0449,CS301,82.44,60.6,3,3,0,79.5
STU0449,PS101,71.45,71.2,2,2,0,68.8
STU0449,EN201,79.01,74.4,3,3,0,71.8
STU0449,CS201,80.75,70.3,2,2,0,73.3
STU0450,DS201,69.49,50.8,2,2,0,55.4
STU0450,DS301,56.05,39.8,2,2,0,58.3
STU0450,BA301,76.2,63.8,3,3,0,70.4
STU0451,CS301,70.37,49.8,3,2,1,58.4
STU0451,GEN001,61.33,46.9,2,2,0,53.5
STU0451,EN201,54.0,51.7,3,3,0,55.6
STU0451,CS101,50.15,65.5,2,2,0,56.9
STU0452,DS301,90.4,84.7,3,2,1,90.5
STU0452,DS201,100.0,71.4,3,3,0,86.0
STU0452,GEN002,93.54,77.9,3,3,0,79.7
STU0452,EN301,82.9,68.4,3,3,0,71.3
STU0453,EN301,68.24,56.6,2,2,0,64.9
STU0453,CS201,63.83,67.3,3,3,0,65.0
STU0453,EN201,60.27,48.3,3,3,0,52.0
STU0454,PS101,87.15,32.5,2,2,0,56.5
STU0454,GEN001,91.34,26.8,2,2,0,64.8
STU0454,PS201,84.49,37.7,2,2,0,64.5
STU0455,BA301,78.63,62.0,2,2,0,75.3
STU0455,EN101,76.54,77.9,2,1,1,76.6
STU0455,BA201,60.93,63.0,2,2,0,65.0
STU0456,DS201,86.69,89.2,3,2,1,85.8
STU0456,GEN002,100.0,92.4,3,3,0,100.0
STU0456,DS101,96.86,83.3,3,3,0,99.5
STU0457,EN301,68.74,49.1,2,2,0,60.6
STU0457,DS201,69.55,82.6,3,3,0,79.4
STU0457,GEN002,76.43,68.9,2,1,1,67.9
STU0458,PS201,61.16,57.9,2,2,0,59.7
STU0458,EN201,76.86,53.8,3,3,0,74.1
STU0458,PS301,49.64,73.0,3,3,0,59.1
STU0459,BA201,70.84,69.3,3,3,0,71.8
STU0459,BA301,71.19,69.8,3,3,0,63.8
STU0459,PS101,72.78,72.0,3,2,1,64.6
STU0459,GEN002,61.15,67.1,3,3,0,61.2
STU0460,CS301,72.44,84.3,3,3,0,69.5
STU0460,GEN002,73.19,74.8,3,3,0,75.7
STU0460,CS201,69.83,74.2,2,1,1,76.0
STU0460,BA201,72.18,77.0,3,3,0,78.2
STU0461,BA301,79.59,69.1,3,3,0,77.3
STU0461,GEN001,78.2,48.5,3,3,0,59.7
STU0461,BA201,82.21,41.7,2,2,0,67.9
STU0462,EN101,72.85,87.7,3,3,0,80.1
STU0462,GEN002,91.01,84.5,2,2,0,83.3
STU0462,EN201,84.43,83.8,2,2,0,93.6
STU0463,DS101,85.86,75.9,3,3,0,75.2
STU0463,GEN002,81.34,91.6,3,3,0,83.3
STU0463,EN101,80.4,93.4,3,2,1,84.8
STU0463,GEN001,87.51,85.4,2,2,0,85.1
STU0464,CS301,81.21,71.4,3,3,0,71.3
STU0464,BA101,72.18,53.4,3,2,1,53.0
STU0464,EN101,73.96,60.5,2,2,0,69.3
STU0464,DS201,75.74,57.0,2,1,1,74.8
STU0465,PS201,74.62,72.1,3,2,1,71.5
STU0465,PS301,99.17,71.0,2,2,0,93.2
STU0465,GEN002,78.56,61.3,2,2,0,73.0
STU0466,DS101,93.67,70.2,3,3,0,91.1
STU0466,GEN002,83.03,80.4,3,3,0,76.7
STU0466,EN301,91.66,74.3,2,2,0,93.3
STU0466,PS101,73.6,88.8,2,2,0,67.7
STU0467,PS201,78.11,64.3,3,3,0,67.5
STU0467,PS101,62.59,44.7,2,1,1,55.6
STU0467,CS101,61.23,57.9,2,2,0,59.4
STU0467,GEN002,66.79,46.8,2,1,1,63.1
STU0468,BA101,79.17,61.6,3,3,0,72.2
STU0468,EN101,53.59,49.8,3,2,1,54.5
STU0468,EN301,80.82,64.9,2,2,0,76.0
STU0468,CS301,70.19,44.2,3,3,0,68.1
STU0469,EN201,72.28,82.7,3,2,1,76.8
STU0469,DS101,75.02,81.8,3,3,0,76.3
STU0469,EN101,77.7,82.7,3,3,0,73.9
STU0470,CS201,92.45,67.6,3,3,0,73.9
STU0470,CS101,95.23,68.5,3,3,0,76.4
STU0470,EN301,91.97,74.6,2,2,0,88.3
STU0470,GEN002,85.05,63.8,3,3,0,69.9
STU0471,BA201,57.66,1.8,2,1,1,37.4
STU0471,EN201,56.05,6.8,2,1,1,29.3
STU0471,DS101,58.05,33.8,3,2,1,50.4
STU0472,CS301,85.97,35.1,2,2,0,63.2
STU0472,BA301,64.52,29.7,2,2,0,51.3
STU0472,PS101,74.78,48.9,2,2,0,62.9
STU0473,DS201,100.0,61.5,3,3,0,90.6
STU0473,PS101,93.26,56.7,2,2,0,76.9
STU0473,CS201,100.0,68.6,2,2,0,81.8
STU0474,EN201,87.08,66.3,3,3,0,88.5
STU0474,EN101,75.67,71.6,3,3,0,67.7
STU0474,CS301,76.58,78.4,3,3,0,83.4
STU0474,BA301,79.64,75.1,2,2,0,75.4
STU0475,CS201,50.11,44.1,2,2,0,42.3
STU0475,EN201,74.5,40.9,3,2,1,63.9
STU0475,EN301,70.41,35.7,2,1,1,55.4
STU0475,DS301,78.09,39.6,3,3,0,55.9
STU0476,EN201,81.94,61.4,3,3,0,74.4
STU0476,DS301,76.19,52.5,3,3,0,70.5
STU0476,BA101,59.87,53.4,2,2,0,53.3
STU0477,BA201,66.55,33.6,3,3,0,49.2
STU0477,EN201,55.63,38.8,3,3,0,52.4
STU0477,BA301,55.9,46.4,3,2,1,49.1
STU0478,BA101,65.5,49.4,3,3,0,61.4
STU0478,BA301,59.01,61.7,2,1,1,57.2
STU0478,DS101,62.86,46.4,2,2,0,52.1
STU0479,DS301,75.17,20.6,2,1,1,43.7
STU0479,GEN001,65.07,26.4,3,2,1,49.0
STU0479,DS201,61.05,30.3,3,3,0,42.8
STU0479,BA201,65.73,23.7,2,2,0,46.6
STU0480,PS201,81.69,61.4,3,2,1,68.2
STU0480,GEN002,60.28,42.2,2,2,0,46.0
STU0480,EN201,70.13,38.8,2,1,1,54.1
STU0480,PS101,70.11,50.9,2,2,0,63.3
STU0481,EN301,75.82,85.9,3,3,0,80.8
STU0481,BA201,66.55,55.9,3,3,0,56.5
STU0481,DS101,74.85,42.0,2,2,0,71.5
STU0481,GEN002,75.35,55.5,2,2,0,79.4
STU0482,EN201,81.66,52.2,2,2,0,65.9
STU0482,BA201,80.84,53.8,3,3,0,75.3
STU0482,GEN002,59.3,56.4,2,2,0,61.0
STU0482,GEN001,58.55,64.9,3,2,1,55.9
STU0483,CS201,72.05,36.7,3,3,0,48.7
STU0483,PS101,61.79,53.1,3,3,0,53.8
STU0483,BA101,49.57,50.0,2,2,0,47.0
STU0483,GEN002,70.52,30.7,2,2,0,60.7
STU0484,BA101,49.46,28.6,3,3,0,37.3
STU0484,BA301,56.5,47.3,3,3,0,48.5
STU0484,BA201,45.8,34.6,2,2,0,37.2
STU0485,EN301,100.0,100.0,3,3,0,100.0
STU0485,GEN002,100.0,100.0,2,2,0,100.0
STU0485,EN101,100.0,85.9,2,2,0,96.5
STU0486,DS201,83.65,58.0,2,2,0,76.1
STU0486,CS101,87.24,55.0,3,3,0,78.5
STU0486,EN301,67.12,53.8,3,0,3,64.4
STU0486,PS201,89.71,62.5,2,2,0,84.1
STU0487,PS101,60.89,61.8,3,3,0,62.9
STU0487,EN201,66.91,65.4,3,3,0,74.7
STU0487,DS101,62.18,33.6,3,3,0,44.2
STU0488,BA101,92.48,68.6,3,3,0,87.0
STU0488,PS201,82.22,52.8,3,3,0,63.3
STU0488,GEN001,82.46,78.7,2,2,0,80.1
STU0488,DS201,86.36,53.5,2,2,0,68.5
STU0489,BA301,98.85,80.5,3,3,0,90.3
STU0489,EN301,93.97,75.8,2,2,0,89.7
STU0489,GEN001,86.32,46.8,3,3,0,66.6
STU0489,CS301,91.61,67.5,3,3,0,79.9
STU0490,PS301,95.1,79.7,3,3,0,95.2
STU0490,PS101,89.25,69.8,3,2,1,77.3
STU0490,CS101,85.89,65.2,3,3,0,79.1
STU0491,BA301,23.28,5.2,3,1,2,19.6
STU0491,DS201,48.52,16.9,3,3,0,25.4
STU0491,GEN001,48.3,23.6,3,3,0,35.3
STU0491,BA101,36.28,15.3,3,2,1,19.7
STU0492,CS301,77.69,70.1,3,2,1,75.4
STU0492,CS201,66.1,61.7,2,2,0,64.4
STU0492,PS201,58.38,77.0,3,3,0,72.1
STU0492,CS101,87.38,59.8,2,2,0,74.1
STU0493,BA301,61.49,87.5,2,1,1,75.0
STU0493,BA201,73.79,81.0,3,3,0,75.1
STU0493,GEN001,65.86,82.9,3,2,1,76.2
STU0494,DS301,63.12,44.0,2,2,0,52.7
STU0494,CS101,60.49,20.4,2,2,0,45.6
STU0494,BA301,48.78,40.7,3,2,1,48.5
STU0494,BA201,58.41,31.0,3,1,2,44.4
STU0495,CS301,49.82,47.7,3,3,0,49.3
STU0495,DS101,60.97,50.6,3,3,0,49.1
STU0495,DS301,64.25,51.2,2,1,1,52.0
STU0496,CS201,84.67,71.3,2,2,0,84.0
STU0496,CS301,96.12,100.0,3,3,0,100.0
STU0496,PS101,85.54,83.0,3,3,0,90.4
STU0497,PS101,68.84,32.1,3,3,0,50.1
STU0497,DS101,53.6,50.3,3,2,1,46.4
STU0497,GEN002,71.8,34.5,2,2,0,57.6
STU0498,BA101,78.82,77.8,3,2,1,82.2
STU0498,PS101,85.16,64.5,3,3,0,79.0
STU0498,GEN001,84.04,50.2,2,2,0,71.7
STU0499,EN101,57.1,37.4,2,1,1,49.9
STU0499,DS301,44.93,36.3,3,3,0,35.3
STU0499,EN301,57.26,24.8,3,3,0,49.8
STU0499,GEN002,66.08,22.6,3,2,1,44.0
STU0500,PS101,71.5,33.1,2,2,0,66.1
STU0500,EN101,70.85,46.0,2,1,1,58.6
STU0500,GEN002,64.61,47.2,2,1,1,55.9
STU0501,DS201,78.67,87.6,3,3,0,82.3
STU0501,GEN002,79.07,80.6,2,2,0,78.3
STU0501,PS201,97.68,87.6,2,2,0,100.0
STU0502,PS301,80.73,81.7,2,2,0,88.7
STU0502,GEN002,89.5,75.1,2,2,0,84.2
STU0502,PS101,93.59,76.4,3,3,0,92.1
STU0503,CS301,100.0,84.1,2,2,0,92.4
STU0503,GEN002,100.0,93.6,2,2,0,95.5
STU0503,DS301,99.89,99.5,3,3,0,97.0
STU0504,CS201,60.78,74.2,2,2,0,78.3
STU0504,EN201,73.42,76.9,3,3,0,80.1
STU0504,PS201,82.36,82.8,2,2,0,80.4
STU0504,PS301,71.23,89.6,2,2,0,81.0
STU0505,CS301,60.51,23.4,3,3,0,47.1
STU0505,PS201,53.34,20.1,2,1,1,38.6
STU0505,GEN002,56.86,25.7,2,1,1,36.4
STU0505,CS101,63.4,14.9,2,1,1,39.4
STU0506,CS101,56.84,47.6,3,3,0,55.1
STU0506,GEN002,52.38,49.3,3,2,1,56.1
STU0506,DS301,36.59,54.6,3,3,0,44.9
STU0506,BA301,51.17,49.2,3,2,1,55.2
STU0507,DS101,59.99,51.3,2,2,0,54.4
STU0507,DS201,55.67,53.7,2,2,0,56.7
STU0507,GEN001,60.9,48.3,3,3,0,54.5
STU0508,CS301,78.17,65.2,3,2,1,66.7
STU0508,CS101,100.0,60.2,3,3,0,91.8
STU0508,GEN002,84.63,65.6,2,2,0,77.9
STU0508,GEN001,87.49,72.9,2,2,0,82.4
STU0509,CS101,65.32,45.7,3,3,0,53.1
STU0509,GEN002,65.33,51.6,3,3,0,58.2
STU0509,EN201,77.8,66.4,3,3,0,73.6
STU0509,PS301,70.51,65.1,3,3,0,69.9
STU0510,BA301,91.93,63.2,2,2,0,69.1
STU0510,GEN002,79.89,83.8,3,3,0,82.7
STU0510,BA101,86.07,69.0,2,2,0,73.4
STU0511,CS201,75.03,73.1,2,2,0,64.9
STU0511,CS101,76.67,72.3,3,3,0,73.4
STU0511,PS201,75.64,62.5,3,3,0,70.5
STU0511,EN101,72.19,67.7,3,3,0,74.0
STU0512,BA301,85.18,87.4,2,2,0,70.7
STU0512,BA201,64.33,89.0,3,2,1,73.2
STU0512,DS201,84.0,99.2,3,3,0,88.4
STU0513,EN201,61.58,54.5,3,2,1,64.4
STU0513,BA301,90.81,79.2,3,3,0,87.1
STU0513,GEN001,67.83,60.1,2,2,0,74.4
STU0514,PS301,77.63,63.1,3,3,0,70.2
STU0514,GEN001,76.12,50.7,2,2,0,63.6
STU0514,PS201,78.14,57.5,3,3,0,68.2
STU0514,CS301,69.91,43.8,2,2,0,56.1
STU0515,EN301,84.64,49.0,3,3,0,69.0
STU0515,PS101,64.02,71.7,3,3,0,72.9
STU0515,GEN001,77.72,54.7,2,2,0,73.9
STU0515,EN201,81.46,77.5,3,2,1,77.3
STU0516,DS101,94.13,73.1,3,3,0,85.1
STU0516,GEN001,95.91,53.0,2,2,0,66.4
STU0516,DS301,85.21,63.6,3,3,0,65.5
STU0517,DS301,95.69,46.1,3,3,0,81.4
STU0517,BA101,73.72,52.6,2,2,0,68.0
STU0517,BA301,86.85,60.6,3,3,0,67.7
STU0517,CS101,85.07,40.6,3,3,0,66.6
STU0518,CS201,65.64,70.5,2,2,0,78.9
STU0518,CS301,74.12,72.6,2,2,0,66.2
STU0518,PS201,61.96,56.8,3,2,1,61.7
STU0518,GEN001,69.0,76.0,3,3,0,62.9
STU0519,EN201,29.85,39.0,3,3,0,32.6
STU0519,PS201,47.39,47.9,3,2,1,52.9
STU0519,GEN002,48.18,34.0,3,3,0,47.0
STU0519,GEN001,28.71,28.5,2,2,0,33.7
STU0520,EN301,66.23,49.1,3,3,0,63.1
STU0520,EN101,63.32,45.7,3,3,0,61.9
STU0520,CS101,48.17,52.3,3,2,1,48.3
STU0521,PS101,75.16,84.2,2,2,0,79.2
STU0521,PS201,84.38,63.9,3,3,0,70.5
STU0521,PS301,70.46,77.6,3,3,0,65.9
STU0522,EN301,84.95,88.9,3,3,0,84.6
STU0522,EN101,59.96,71.9,3,2,1,65.4
STU0522,GEN001,87.87,92.9,3,3,0,89.9
STU0522,BA201,76.93,72.9,2,2,0,75.0
STU0523,EN201,82.64,98.6,3,2,1,88.0
STU0523,CS301,93.08,86.6,2,2,0,90.2
STU0523,GEN001,74.71,78.9,3,3,0,72.6
STU0524,DS101,77.32,53.2,2,1,1,72.3
STU0524,DS201,72.49,37.1,3,2,1,58.7
STU0524,PS101,67.59,42.1,2,1,1,61.6
STU0524,DS301,64.43,44.3,3,2,1,66.8
STU0525,PS201,73.88,56.0,2,1,1,68.0
STU0525,EN301,77.59,59.0,2,2,0,72.8
STU0525,CS301,70.2,50.5,3,3,0,62.2
STU0526,EN301,100.0,85.7,3,3,0,97.3
STU0526,BA201,83.91,75.1,3,3,0,69.9
STU0526,GEN001,81.92,100.0,3,3,0,85.2
STU0526,GEN002,95.84,98.1,2,2,0,95.3
STU0527,PS301,79.02,76.7,2,2,0,83.8
STU0527,PS201,82.28,79.6,3,3,0,80.7
STU0527,DS101,68.09,68.4,3,3,0,66.9
STU0527,EN101,81.86,66.8,3,3,0,87.6
STU0528,BA301,53.04,26.7,3,2,1,37.6
STU0528,DS201,70.64,49.3,2,2,0,64.9
STU0528,PS301,60.97,48.6,2,2,0,51.3
STU0529,EN301,95.18,83.4,3,3,0,90.5
STU0529,EN201,99.97,83.1,3,3,0,89.6
STU0529,GEN002,85.2,69.0,3,3,0,79.6
STU0530,DS101,74.39,62.2,3,3,0,65.3
STU0530,DS301,75.82,50.0,2,2,0,67.0
STU0530,GEN002,75.47,65.9,2,2,0,67.4
STU0530,GEN001,87.0,68.6,3,2,1,77.3
STU0531,EN301,91.42,67.5,3,3,0,87.2
STU0531,GEN001,79.5,57.7,3,3,0,67.6
STU0531,BA301,76.59,81.2,3,3,0,73.8
STU0532,EN301,100.0,90.2,2,2,0,100.0
STU0532,CS301,92.01,76.5,3,3,0,89.9
STU0532,PS101,94.33,93.6,3,3,0,91.2
STU0532,CS201,100.0,92.9,3,3,0,99.6
STU0533,EN301,70.61,44.5,3,3,0,56.4
STU0533,GEN002,70.5,58.6,3,3,0,61.1
STU0533,CS101,73.89,44.2,2,1,1,59.2
STU0533,PS201,63.17,35.7,3,1,2,50.2
STU0534,DS101,87.34,51.8,2,2,0,61.6
STU0534,BA201,69.55,63.8,3,3,0,58.9
STU0534,EN301,94.23,70.4,3,3,0,84.7
STU0534,GEN001,96.46,73.7,2,2,0,85.6
STU0535,EN201,75.03,74.3,2,2,0,71.9
STU0535,EN101,71.29,47.1,2,2,0,56.0
STU0535,DS201,80.02,55.5,3,3,0,73.1
STU0535,BA201,67.72,53.0,2,2,0,57.3
STU0536,EN301,69.65,37.3,2,2,0,46.7
STU0536,DS101,42.37,25.2,2,2,0,39.3
STU0536,GEN002,52.72,43.5,3,3,0,46.6
STU0537,EN301,74.02,48.1,3,3,0,56.1
STU0537,BA101,62.15,36.8,3,3,0,55.9
STU0537,BA201,68.85,34.2,3,3,0,46.7
STU0537,EN201,69.34,46.4,3,3,0,59.4
STU0538,DS101,62.07,32.7,3,2,1,40.7
STU0538,GEN001,57.43,47.8,3,3,0,48.9
STU0538,PS301,57.72,46.4,3,3,0,58.9
STU0539,BA301,59.62,50.5,3,3,0,58.3
STU0539,DS301,62.51,36.9,3,3,0,57.6
STU0539,GEN001,54.74,73.4,3,3,0,60.6
STU0540,CS201,93.9,58.4,2,2,0,80.9
STU0540,EN301,62.08,67.0,3,2,1,65.8
STU0540,CS301,92.9,51.1,2,2,0,77.6
STU0540,CS101,58.28,68.2,2,2,0,65.2
STU0541,DS101,74.02,65.7,3,3,0,65.6
STU0541,GEN001,68.57,66.9,3,3,0,63.8
STU0541,PS101,75.75,58.9,3,3,0,66.3
STU0541,DS301,58.33,54.6,3,3,0,57.0
STU0542,EN301,67.3,56.6,2,1,1,63.5
STU0542,DS301,65.9,44.4,3,2,1,62.2
STU0542,CS101,69.37,43.0,2,2,0,66.4
STU0543,BA201,85.2,79.4,3,3,0,80.0
STU0543,DS301,71.7,65.0,3,2,1,69.8
STU0543,PS301,93.62,69.5,2,2,0,78.9
STU0543,GEN001,66.43,51.8,3,3,0,62.3
STU0544,DS201,72.4,94.2,3,2,1,77.7
STU0544,BA101,80.07,79.9,3,2,1,87.6
STU0544,GEN002,61.68,85.3,2,2,0,63.7
STU0545,DS201,80.53,79.9,3,3,0,79.8
STU0545,DS101,66.83,69.9,3,3,0,56.3
STU0545,CS301,77.16,78.2,2,2,0,68.7
STU0546,BA101,58.88,27.5,3,3,0,44.5
STU0546,EN301,81.11,35.0,2,2,0,58.7
STU0546,GEN002,47.63,54.1,2,2,0,48.7
STU0546,GEN001,78.54,45.0,3,3,0,72.1
STU0547,EN301,86.19,100.0,3,3,0,89.8
STU0547,GEN001,91.76,85.7,3,3,0,97.6
STU0547,PS201,100.0,94.8,2,2,0,99.2
STU0548,CS301,78.27,57.6,2,2,0,70.3
STU0548,GEN002,72.54,72.0,3,3,0,70.7
STU0548,CS201,77.19,47.2,3,3,0,67.1
STU0548,DS301,88.56,62.2,2,2,0,76.3
STU0549,BA301,82.95,72.9,2,2,0,75.7
STU0549,BA101,85.4,66.3,3,3,0,77.4
STU0549,GEN001,100.0,79.4,2,2,0,86.3
STU0550,EN201,55.66,43.2,3,1,2,50.2
STU0550,EN301,66.25,49.7,3,2,1,63.7
STU0550,GEN002,58.58,66.1,2,2,0,60.0
STU0551,EN101,61.16,34.1,3,3,0,56.1
STU0551,DS101,66.84,35.7,2,2,0,51.4
STU0551,PS201,60.35,44.7,2,1,1,56.0
STU0551,GEN002,64.77,33.8,3,3,0,51.0
STU0552,CS101,82.3,87.9,3,3,0,84.2
STU0552,BA101,85.81,79.5,3,3,0,89.3
STU0552,CS201,80.76,88.7,2,2,0,88.5
STU0553,BA301,78.25,67.1,3,3,0,75.5
STU0553,DS301,77.8,63.0,3,2,1,69.2
STU0553,GEN002,72.91,55.8,3,3,0,63.4
STU0554,DS301,75.42,63.0,2,2,0,70.7
STU0554,DS101,85.77,59.0,3,3,0,68.3
STU0554,EN301,73.24,66.2,3,2,1,72.8
STU0555,CS301,88.15,71.1,2,2,0,66.8
STU0555,EN201,82.9,84.8,3,3,0,76.6
STU0555,DS301,78.48,80.8,2,2,0,72.0
STU0556,BA101,100.0,91.2,3,3,0,91.0
STU0556,PS101,95.81,81.1,2,1,1,98.5
STU0556,BA301,100.0,81.2,2,2,0,93.5
STU0556,EN301,82.43,97.3,2,2,0,90.5
STU0557,BA201,29.42,11.0,3,3,0,21.5
STU0557,EN301,43.12,22.6,3,2,1,39.4
STU0557,EN201,49.09,10.3,3,1,2,32.8
STU0558,CS201,79.0,82.1,3,3,0,82.6
STU0558,CS301,84.2,79.6,3,3,0,71.0
STU0558,DS101,98.4,78.2,3,3,0,88.1
STU0558,CS101,93.38,91.4,2,2,0,91.2
STU0559,BA201,83.44,36.9,2,2,0,61.2
STU0559,BA101,58.37,43.6,3,3,0,54.3
STU0559,DS201,68.24,49.4,3,2,1,62.1
STU0559,GEN001,71.13,54.1,3,2,1,62.4
STU0560,BA101,73.21,62.7,2,2,0,59.3
STU0560,BA301,83.78,67.2,2,2,0,81.1
STU0560,DS301,81.5,68.4,3,3,0,77.4
STU0561,PS101,75.02,40.1,2,0,2,56.8
STU0561,GEN001,75.17,41.6,2,2,0,69.7
STU0561,BA101,74.98,51.4,3,3,0,81.1
STU0562,DS101,27.9,30.5,2,1,1,31.6
STU0562,PS301,49.57,30.5,3,3,0,36.2
STU0562,CS201,52.54,24.4,3,3,0,38.7
STU0562,DS301,40.81,33.1,3,3,0,49.5
STU0563,CS101,65.52,57.9,2,1,1,60.3
STU0563,CS301,74.12,72.1,3,3,0,70.6
STU0563,DS301,72.68,70.8,2,2,0,75.8
STU0563,GEN001,58.92,87.3,3,3,0,77.7
STU0564,DS301,93.69,84.1,3,3,0,86.0
STU0564,GEN001,92.35,100.0,3,3,0,96.7
STU0564,GEN002,96.1,94.6,2,2,0,100.0
STU0565,BA301,66.33,44.5,2,1,1,55.6
STU0565,EN101,70.4,40.9,2,2,0,57.8
STU0565,BA101,62.24,26.9,3,2,1,52.4
STU0566,CS301,93.64,61.8,2,2,0,81.4
STU0566,GEN001,69.66,79.1,3,3,0,77.1
STU0566,CS201,75.88,85.5,3,2,1,73.5
STU0566,CS101,66.26,65.7,3,3,0,52.7
STU0567,CS201,63.09,60.0,3,3,0,62.3
STU0567,CS301,65.09,56.7,3,3,0,54.0
STU0567,EN201,71.32,41.6,3,3,0,54.0
STU0567,DS101,59.5,77.7,2,1,1,67.0
STU0568,BA201,89.38,72.0,2,2,0,79.9
STU0568,EN101,98.67,74.7,2,2,0,94.2
STU0568,BA301,82.89,76.2,3,3,0,77.0
STU0569,DS101,83.42,69.2,2,1,1,78.1
STU0569,DS301,87.3,51.7,3,3,0,75.4
STU0569,DS201,76.64,47.0,3,3,0,62.4
STU0570,EN301,82.42,71.1,3,3,0,87.6
STU0570,GEN001,67.79,83.0,3,3,0,75.9
STU0570,GEN002,72.17,76.3,2,2,0,71.1
STU0570,CS201,66.26,80.5,3,3,0,69.6
STU0571,DS301,68.14,58.3,3,2,1,61.9
STU0571,DS101,69.67,70.8,3,3,0,73.6
STU0571,EN101,66.43,63.7,2,2,0,68.5
STU0571,CS101,56.97,71.2,3,2,1,66.7
STU0572,CS201,58.85,40.3,3,1,2,48.9
STU0572,CS301,66.34,48.2,3,3,0,60.4
STU0572,PS101,70.52,28.0,3,3,0,42.3
STU0573,EN201,66.89,54.1,3,3,0,61.8
STU0573,DS201,75.01,40.9,3,3,0,60.8
STU0573,CS301,66.94,59.9,2,2,0,60.0
STU0574,PS201,74.39,54.9,2,2,0,58.3
STU0574,EN101,79.56,46.5,3,1,2,66.3
STU0574,PS101,62.77,56.1,2,2,0,61.3
STU0574,DS301,51.33,84.4,2,2,0,62.0
STU0575,BA301,65.76,37.2,3,2,1,55.1
STU0575,DS201,48.71,50.6,3,3,0,48.7
STU0575,EN301,63.08,50.9,2,2,0,58.8
STU0575,GEN002,65.59,41.2,2,2,0,44.2
STU0576,EN101,83.52,89.4,3,3,0,95.6
STU0576,GEN001,84.74,93.3,3,3,0,95.6
STU0576,DS201,94.45,85.9,3,3,0,94.2
STU0576,CS101,89.19,82.0,3,3,0,84.0
STU0577,DS201,95.84,63.7,2,2,0,86.5
STU0577,PS201,88.6,86.6,3,3,0,85.5
STU0577,DS101,100.0,77.8,2,2,0,95.0
STU0578,EN101,85.32,72.9,3,2,1,73.2
STU0578,BA101,95.87,79.7,3,3,0,84.5
STU0578,CS301,81.52,60.8,3,3,0,77.9
STU0579,DS201,93.57,68.1,3,3,0,80.6
STU0579,GEN002,91.46,74.5,2,1,1,79.8
STU0579,GEN001,77.35,78.9,3,1,2,75.5
STU0580,EN201,68.8,52.9,3,2,1,63.7
STU0580,GEN001,78.17,55.0,3,3,0,63.8
STU0580,CS101,65.9,67.1,3,3,0,60.1
STU0580,BA201,79.87,44.5,2,2,0,70.6
STU0581,DS301,52.17,50.7,3,1,2,47.0
STU0581,GEN002,54.09,43.7,3,1,2,48.2
STU0581,BA301,54.83,54.6,2,2,0,68.0
STU0582,CS101,63.86,50.5,2,2,0,58.0
STU0582,DS301,67.16,44.3,3,1,2,61.0
STU0582,GEN002,66.46,49.0,2,2,0,48.5
STU0582,EN101,47.61,45.7,3,3,0,51.6
STU0583,BA101,90.04,59.7,2,2,0,82.2
STU0583,DS301,88.04,79.7,3,3,0,82.1
STU0583,BA201,100.0,80.7,3,3,0,89.0
STU0584,CS101,70.98,97.6,3,3,0,75.9
STU0584,CS301,86.23,82.6,3,3,0,93.2
STU0584,GEN001,74.12,85.1,3,3,0,75.5
STU0584,EN201,79.92,89.6,2,2,0,78.0
STU0585,PS201,92.43,90.2,3,3,0,90.6
STU0585,PS101,89.67,84.6,3,3,0,98.5
STU0585,GEN001,100.0,89.9,2,2,0,97.8
STU0586,PS101,71.71,52.8,3,3,0,66.9
STU0586,PS201,57.09,36.7,3,2,1,39.7
STU0586,EN301,81.72,45.2,3,2,1,63.9
STU0587,CS101,78.59,58.4,3,3,0,75.9
STU0587,BA201,84.21,41.9,3,3,0,64.0
STU0587,GEN001,65.34,53.8,3,3,0,60.9
STU0587,PS101,78.53,79.4,2,2,0,78.7
STU0588,DS201,80.24,93.0,3,3,0,92.9
STU0588,BA201,100.0,77.0,2,2,0,93.9
STU0588,CS101,88.0,81.5,2,2,0,78.8
STU0589,PS201,65.96,67.4,3,3,0,63.3
STU0589,EN101,61.21,39.2,3,1,2,73.8
STU0589,PS101,73.83,36.7,3,3,0,62.3
STU0590,DS101,81.52,57.7,3,2,1,77.4
STU0590,GEN001,86.54,55.3,2,2,0,74.6
STU0590,DS301,91.4,76.5,2,2,0,78.0
STU0591,BA101,83.72,71.8,2,2,0,79.7
STU0591,EN101,80.01,65.0,3,3,0,73.9
STU0591,DS101,72.69,89.1,3,3,0,76.8
STU0592,BA101,71.98,33.2,2,2,0,59.4
STU0592,DS301,53.0,24.2,3,1,2,34.8
STU0592,PS101,60.59,29.0,2,2,0,42.0
STU0592,GEN002,59.04,22.3,3,3,0,58.2
STU0593,CS201,67.51,54.0,3,3,0,62.8
STU0593,CS101,68.97,52.1,2,2,0,64.5
STU0593,CS301,64.67,65.6,2,2,0,63.9
STU0594,BA101,55.47,30.5,2,1,1,47.6
STU0594,BA301,51.45,34.1,2,1,1,53.7
STU0594,PS301,38.88,31.1,2,1,1,32.1
STU0595,DS101,51.97,35.6,3,3,0,35.1
STU0595,GEN001,67.02,30.6,2,2,0,55.4
STU0595,DS201,52.76,31.3,3,3,0,44.0
STU0596,CS201,61.18,49.1,3,2,1,53.2
STU0596,CS301,59.88,39.8,3,3,0,55.0
STU0596,DS301,54.02,46.9,3,1,2,48.3
STU0597,DS201,92.2,89.0,3,3,0,89.8
STU0597,DS301,76.61,69.2,3,3,0,73.3
STU0597,GEN001,93.25,88.0,2,2,0,90.8
STU0597,CS201,85.08,85.6,2,2,0,88.9
STU0598,CS201,71.57,76.6,3,3,0,72.8
STU0598,PS101,45.04,41.5,3,2,1,48.6
STU0598,CS101,64.33,54.3,2,1,1,54.5
STU0599,DS301,100.0,99.8,2,2,0,92.5
STU0599,GEN001,100.0,93.3,2,2,0,100.0
STU0599,BA101,94.07,100.0,2,1,1,100.0
STU0599,DS201,99.24,99.6,2,2,0,100.0
STU0600,CS201,58.55,25.2,2,2,0,39.1
STU0600,GEN001,41.21,24.1,2,1,1,30.9
STU0600,CS101,41.48,43.0,3,3,0,48.7
STU0600,DS101,59.58,18.4,2,2,0,38.8
